"Code indication";"Laboratoire titulaire de l'AMM";"Dénomination Commune Internationale";"Nom, dosage, forme pharmaceutique de la spécialité";"Statut antérieur du médicament";"Indications dont a bénéficié le médicament au titre de son ATU de cohorte (ATUC) ou de ses ATU nominatives (ATUn)";"Prise en charge au titre du post-ATU";"Date d'octroi de l'AMM";"Date de début de prise en charge au titre du Post-ATU";"Date de fin de prise en charge au titre du Post-ATU";"Inscription au remboursement";"Possibilité d'initier de nouveaux traitements";"Classement en réserve hospitalière au titre de l'AMM";"UCD 7au titre de l'AMM";"Libellé du code UCD 7au titre de l'AMM";"Observations";"Date de dernière mise à jour"
"CBRIG01";"TAKEDA France";"brigatinib";"ALUNBRIG 30 mg comprimés pelliculés";"ATUC";"Traitement des patients adultes non éligibles à un essai clinique en cours, atteints d’un cancer broncho-pulmonaire non à petites cellules (CBNPC) avancé présentant un réarrangement du gène ALK (ALK positif), prétraités par crizotinib et pour lesquels il n’existe pas d’alternative thérapeutique appropriée disponible";"OUI";21/11/2018;21/01/2019;;;"OUI";"NON";9444098;"ALUNBRIG 30MG CPR";;01/03/2019
"NXXXX00";"TAKEDA France";"brigatinib";"ALUNBRIG 30 mg comprimés pelliculés";"ATUn";"Sans objet : ATUn";"OUI";21/11/2018;21/01/2019;;;"NON";"NON";9444098;"ALUNBRIG 30MG CPR";;01/03/2019
"CBRIG01";"TAKEDA France";"brigatinib";"ALUNBRIG 90 mg comprimés pelliculés ";"ATUC";"Traitement des patients adultes non éligibles à un essai clinique en cours, atteints d’un cancer broncho-pulmonaire non à petites cellules (CBNPC) avancé présentant un réarrangement du gène ALK (ALK positif), prétraités par crizotinib et pour lesquels il n’existe pas d’alternative thérapeutique appropriée disponible";"OUI";21/11/2018;21/01/2019;;;"OUI";"NON";9444106;"ALUNBRIG 90MG CPR";;01/03/2019
"NXXXX00";"TAKEDA France";"brigatinib";"ALUNBRIG 90 mg comprimés pelliculés ";"ATUn";"Sans objet : ATUn";"OUI";21/11/2018;21/01/2019;;;"NON";"NON";9444106;"ALUNBRIG 90MG CPR";;01/03/2019
"CBRIG01";"TAKEDA France";"brigatinib";"ALUNBRIG 180 mg comprimés pelliculés ";"ATUC";"Traitement des patients adultes non éligibles à un essai clinique en cours, atteints d’un cancer broncho-pulmonaire non à petites cellules (CBNPC) avancé présentant un réarrangement du gène ALK (ALK positif), prétraités par crizotinib et pour lesquels il n’existe pas d’alternative thérapeutique appropriée disponible";"OUI";21/11/2018;21/01/2019;;;"OUI";"NON";9444081;"ALUNBRIG 180MG CPR";;01/03/2019
"NXXXX00";"TAKEDA France";"brigatinib";"ALUNBRIG 180 mg comprimés pelliculés ";"ATUn";"Sans objet : ATUn";"OUI";21/11/2018;21/01/2019;;;"NON";"NON";9444081;"ALUNBRIG 180MG CPR";;01/03/2019
"NXXXX00";"MERCK SANTE SAS";"avelumab";"BAVENCIO®  20 mg/ml, solution à diluer pour perfusion";"ATUn";"Sans objet : ATUn";"OUI";18/09/2017;11/12/2017;;;"NON";"OUI";9430736;"BAVENCIO 20MG/ML PERF FL";;01/03/2019
"CAVEL01";"MERCK SANTE SAS";"avelumab";"BAVENCIO®  20 mg/ml, solution à diluer pour perfusion";"ATUC";"Le traitement de patients adultes atteints d’un carcinome à cellules de Merkel (CCM) métastatique, dont la maladie a progressé après avoir reçu au moins une ligne de chimiothérapie antérieure";"NON";18/09/2017;11/12/2017;01/03/2019;"OUI";"OUI";"OUI";9430736;"BAVENCIO 20MG/ML PERF FL";"L’indication de l’autorisation de mise sur le marché de la spécialité BAVENCIO (avelumab) qui n’apas fait l’objet d’une autorisation temporaire d’utilisation de cohorte est :BAVENCIO, en monothérapie dans le traitement de première ligne de patients adultes atteints d’uncarcinome à cellules de Merkel (CCM) métastatique.Dans l’indication validée par le CHMP qui n’a pas fait l’objet d’une autorisation temporaired’utilisation décrite au paragraphe 02, il existe des alternatives thérapeutiques prises en chargepar les régimes obligatoires de sécurité sociale. Dès lors, aucune prise en charge dérogatoire au titre du dispositif post-ATU n'est autorisée pour cette indication.";01/03/2019
"NXXXX00";"PIERRE FABRE MEDICAMENTS";"encorafenib";"BRAFTOVI®  50 mg gélules";"ATUn";"Sans objet : ATUn";"OUI";19/09/2018;17/12/2018;;;"NON";"NON";9444922;"BRAFTOVI 50MG GELU";;01/03/2019
"NXXXX00";"PIERRE FABRE MEDICAMENTS";"encorafenib";"BRAFTOVI®  75 mg gélules";"ATUn";"Sans objet : ATUn";"OUI";19/09/2018;17/12/2018;;;"NON";"NON";9444939;"BRAFTOVI 75MG GELU";;01/03/2019
"NXXXX00";"BIOMARIN EUROPE LTD";"cerliponase alfa";"BRINEURA® 150 mg solution pour perfusion";"ATUn";"Sans objet : ATUn";"OUI";30/05/2017;30/08/2017;;;"NON";"OUI";"9426433";"BRINEURA 150MG PERF";;01/03/2019
"CCERL01";"BIOMARIN EUROPE LTD";"cerliponase alfa";"BRINEURA® 150 mg solution pour perfusion";"ATUC";"Traitement des patients atteints de lipofuscinoses ceroïdes neuronales de type 2 (CLN2), également appelée déficit en tripeptidyl peptidase-1 (TPP1).";"OUI";30/05/2017;30/08/2017;;;"OUI";"OUI";"9426433";"BRINEURA 150MG PERF";;01/03/2019
"CCAPL01";"ABLYNX NV";"caplacizumab";"CABLIVI®  10 mg, poudre et solvant pour solution injectable";"ATUC";"traitement des patients adultes présentant un épisode depurpura thrombotique thrombocytopénique acquis (PTTa) conjointement à un traitement par échanges plasmatiques et par immunosuppresseurs.";"OUI";31/08/2018;06/02/2019;;;"OUI";"NON";9438057;"CABLIVI 10MG INJ FL+SRG +NEC";;01/03/2019
"NXXXX00";"ABLYNX NV";"caplacizumab";"CABLIVI®  10 mg, poudre et solvant pour solution injectable";"ATUn";"Sans objet : ATUn";"OUI";31/08/2018;06/02/2019;;;"NON";"NON";9438057;"CABLIVI 10MG INJ FL+SRG +NEC";;01/03/2019
"NXXXX00";"LEADIANT BIOSCIENCES LTD.";"CHENODEOXYCHOLIC ACID LEADIANT";"CHENODEOXYCHOLIC ACID LEADIANT® 250 mg, gélules";"ATUn";"Sans objet : ATUn";"OUI";10/04/2017;21/07/2017;;;"NON";"NON";9426887;"ACID.CHENODEOX.LDT250MG GEL";;01/03/2019
"NXXXX00";"KIOWA KIRIN";"Burosumab";"CRYSVITA® 10 mg  solution injectable";"ATUn";"Sans objet : ATUn";"OUI";18/02/2018;15/11/2018;;;"NON";"NON";9436414;"CRYSVITA 10MG INJ FL1ML";;01/04/2019
"CBURO01";"KIOWA KIRIN";"Burosumab";"CRYSVITA® 10 mg  solution injectable";"ATUC";"Traitement des enfants à partir d’un an et des adolescents en période de croissance présentant un rachitisme hypophosphatémique lié à l’X avec lésions osseuses, et ayant une concentration sérique de phosphate < 1,3 mmol/L,  mauvais répondeurs, non répondeurs ou intolérants aux traitements conventionnels.";"OUI";18/02/2018;15/11/2018;;;"OUI";"NON";9436414;"CRYSVITA 10MG INJ FL1ML";"L’indication de la spécialité CRYSVITA (burosumab), validée par le CHMP, qui n’a pas fait l’objet d’une autorisation temporaire d’utilisation, correspond à « Traitement des enfants à partir d’un an et des adolescents en période de croissance présentant un rachitisme hypophosphatémique lié à l’X avec des lésions osseuses, et ayant une concentration sérique de phosphate < 1,3 mmol/L, répondeurs ou tolérants aux traitements conventionnels ».Dans cette indication, la Haute Autorité de santé a identifié des alternatives thérapeutiques prises en charge par les régimes obligatoires de sécurité sociale. Ces alternatives sont mentionnées en annexe du de l'avis n° 2018.0010/AC/SEM du 21 mars 2018 du collège de la Haute Autorité de santé. Dès lors, aucune prise en charge dérogatoire au titre du dispositif post-ATU n'est autorisée pour cette indication.";01/04/2019
"NXXXX00";"KIOWA KIRIN";"Burosumab";"CRYSVITA® 30 mg, solution injectable";"ATUn";"Sans objet : ATUn";"OUI";18/02/2018;15/11/2018;;;"NON";"NON";9436420;"CRYSVITA 30MG INJ FL1ML";;01/03/2019
"CBURO01";"KIOWA KIRIN";"Burosumab";"CRYSVITA® 30 mg, solution injectable";"ATUC";"Traitement des enfants à partir d’un an et des adolescents en période de croissance présentant un rachitisme hypophosphatémique lié à l’X avec lésions osseuses, et ayant une concentration sérique de phosphate < 1,3 mmol/L,  mauvais répondeurs, non répondeurs ou intolérants aux traitements conventionnels.";"OUI";18/02/2018;15/11/2018;;;"OUI";"NON";9436420;"CRYSVITA 30MG INJ FL1ML";"L’indication de la spécialité CRYSVITA (burosumab), validée par le CHMP, qui n’a pas fait l’objet d’une autorisation temporaire d’utilisation, correspond à « Traitement des enfants à partir d’un an et des adolescents en période de croissance présentant un rachitisme hypophosphatémique lié à l’X avec des lésions osseuses, et ayant une concentration sérique de phosphate < 1,3 mmol/L, répondeurs ou tolérants aux traitements conventionnels ».Dans cette indication, la Haute Autorité de santé a identifié des alternatives thérapeutiques prises en charge par les régimes obligatoires de sécurité sociale. Ces alternatives sont mentionnées en annexe du de l'avis n° 2018.0010/AC/SEM du 21 mars 2018 du collège de la Haute Autorité de santé. Dès lors, aucune prise en charge dérogatoire au titre du dispositif post-ATU n'est autorisée pour cette indication.";01/03/2019
"NXXXX00";"ORPHAN EUROPE";"Mercaptamine (ou cystéamine)";"CYSTADROPS®  0,55%, collyre en solution";"ATUn";"Sans objet : ATUn";"OUI";19/01/2017;23/09/2017;;;"NON";"NON";9430446;"CYSTADROPS 3,8MG/ML CY FL5ML";;01/03/2019
"CMERC01";"ORPHAN EUROPE";"Mercaptamine (ou cystéamine)";"CYSTADROPS®  0,55%, collyre en solution";"ATUC";"Chez les adultes et les enfants âgés de plus de 2 ans dans le traitement des dépôts cornéens de cystine dans la cystinose";"OUI";19/01/2017;23/09/2017;;;"OUI";"NON";9430446;"CYSTADROPS 3,8MG/ML CY FL5ML";;01/03/2019
"NXXXX00";"JANSSEN CILAG";"daratumumab";"DARZALEX®  20 mg/ml solution à diluer pour perfusion";"ATUn";"Sans objet : ATUn";"OUI";20/05/2016;20/06/2016;;;"NON";"OUI";9417871;"DARZALEX 20MG/ML PERF FL20ML";;01/03/2019
"NXXXX00";"JANSSEN CILAG";"daratumumab";"DARZALEX®  20 mg/ml solution à diluer pour perfusion";"ATUn";"Sans objet : ATUn";"OUI";20/05/2016;20/06/2016;;;"NON";"OUI";9417888;"DARZALEX 20MG/ML PERF FL5ML";;01/03/2019
"CDARA01";"JANSSEN CILAG";"daratumumab";"DARZALEX®  20 mg/ml solution à diluer pour perfusion";"ATUC";"En monothérapie pour le traitement des patients adultes atteints d’un myélome multiple en rechute et réfractaire, pour lesquels :- les lignes de traitements antérieurs incluaient au moins un inhibiteur du protéasome et au moins un agent immunomodulateur, dont le pomalidomide, sauf en cas de non éligibilité à ce dernier traitement,et- dont la maladie a progressé lors du dernier traitement, en l'absence de toute alternative thérapeutique disponible approprié";"OUI";20/05/2016;20/06/2016;;;"OUI";"OUI";9417871;"DARZALEX 20MG/ML PERF FL20ML";"L’indication de la spécialité DARZALEX (daratumumab), validée par le CHMP, qui n’a pas fait l’objet d’une autorisation temporaire d’utilisation correspond à l’indication en 3ème ligne de traitement du myélome.Dans cette indication, la Haute Autorité de santé a identifié des alternatives thérapeutiques prises en charge par les régimes obligatoires de sécurité sociale. Ces alternatives sont mentionnées en annexe du présent avis (avis n° 2016.0039/AC/SEM du 18 mai 2016 du collège de la Haute Autorité de santé ). Dès lors, aucune prise en charge dérogatoire au titre du dispositif post-ATU n'est autorisée pour cette indication.";01/03/2019
"CDARA01";"JANSSEN CILAG";"daratumumab";"DARZALEX®  20 mg/ml solution à diluer pour perfusion";"ATUC";"En monothérapie pour le traitement des patients adultes atteints d’un myélome multiple en rechute et réfractaire, pour lesquels :- les lignes de traitements antérieurs incluaient au moins un inhibiteur du protéasome et au moins un agent immunomodulateur, dont le pomalidomide, sauf en cas de non éligibilité à ce dernier traitement,et- dont la maladie a progressé lors du dernier traitement, en l'absence de toute alternative thérapeutique disponible approprié";"OUI";20/05/2016;20/06/2016;;;"OUI";"OUI";9417888;"DARZALEX 20MG/ML PERF FL5ML";"L’indication de la spécialité DARZALEX (daratumumab), validée par le CHMP, qui n’a pas fait l’objet d’une autorisation temporaire d’utilisation correspond à l’indication en 3ème ligne de traitement du myélome.Dans cette indication, la Haute Autorité de santé a identifié des alternatives thérapeutiques prises en charge par les régimes obligatoires de sécurité sociale. Ces alternatives sont mentionnées en annexe du présent avis (avis n° 2016.0039/AC/SEM du 18 mai 2016 du collège de la Haute Autorité de santé ). Dès lors, aucune prise en charge dérogatoire au titre du dispositif post-ATU n'est autorisée pour cette indication.";01/03/2019
"NXXXX00";"SANOFI AVENTIS";"dupilumab";"DUPIXENT®  300 mg, solution injectable en seringue préremplie";"ATUn";"Sans objet : ATUn";"OUI";26/09/2017;22/01/2018;;;"NON";"NON";9428722;"DUPIXENT 300MG INJ SRG2ML +D.";;01/04/2019
"CDUPI01";"SANOFI AVENTIS";"dupilumab";"DUPIXENT®  300 mg, solution injectable en seringue préremplie";"ATUC";"Traitement de la dermatite atopique modérée à sévère de l’adulte qui nécessite un traitement systémique. Il est indiqué en cas de contre-indication, d’intolérance ou d’échec avec les traitements systémiques disponibles.Dupixent peut être utilisé avec ou sans traitement local.";"NON";26/09/2017;22/01/2018;09/03/2019;"OUI";"OUI";"NON";9428722;"DUPIXENT 300MG INJ SRG2ML +D.";"L’indication de la spécialité DUPIXENT (dupilumab), validée par le CHMP, qui n’a pas fait l’objet d’une autorisation temporaire d’utilisation est « DUPIXENT, dans le traitement de la dermatite atopique modérée à sévère de l’adulte qui nécessite un traitement systémique, en absence de contre-indication, d’intolérance ou d’échec avec les traitements systémiques disponibles. ».Dans cette indication, la Haute Autorité de santé a identifié des alternatives thérapeutiques prises en charge par les régimes obligatoires de sécurité sociale. Ces alternatives sont mentionnées en annexe de l'avis n°2017.0094/AC/SEM du 22 novembre 2017 du collège de la Haute Autorité de santé.Dès lors, aucune prise en charge dérogatoire au titre du dispositif post-ATU n'est autorisée pour cette indication.";01/04/2019
"NXXXX00";"BENE - ARZNEIMITTEL - GMBH";"pentosane polysulfate sodique";"ELMIRON® 100 mg, gélule";"ATUn";"Sans objet : ATUn";"OUI";02/06/2017;16/12/2018;;;"NON";"NON";9293529;"ELMIRON 100MG GELU";;01/03/2019
"CPENT01";"BENE - ARZNEIMITTEL - GMBH";"pentosane polysulfate sodique";"ELMIRON® 100 mg, gélule";"ATUC";"Le traitement du syndrome de la vessie douloureuse caractérisé par des glomérulations ou des lésions de Hünner au niveau de la paroi de la vessie chez l'adulte présentant une douleur modérée à sévère, une urgence et une fréquence mictionnelle.";"OUI";02/06/2017;16/12/2018;;;"OUI";"NON";9293529;"ELMIRON 100MG GELU";;01/03/2019
"NXXXX00";"JANSSEN CILAG";"apalutamide";"ERLEADA®  60 mg comprimés pelliculés";"ATUn";"Sans objet : ATUn";"OUI";14/01/2019;20/02/2019;;;"NON";"NON";9444885;"ERLEADA 60MG CPR";;01/03/2019
"CAPAL01";"JANSSEN CILAG";"apalutamide";"ERLEADA®  60 mg comprimés pelliculés";"ATUc";"Le traitement des hommes atteints d’un cancer de la prostate résistant à la castration non métastatique (nmCRPC) avec un temps de doublement du taux de PSA inférieur ou égal à 10 mois";"OUI";14/01/2019;20/02/2019;;;"OUI";"NON";9444885;"ERLEADA 60MG CPR";;01/03/2019
"NXXXX00";"NOVARTIS EUROPHARM";"panobinostat";"FARYDAK® 10 mg, gélule";"ATUn";"Sans objet : ATUn";"OUI";28/08/2015;16/11/2015;;;"NON";"NON";"9413413";"FARYDAK 10MG GELU";;01/03/2019
"CPANO01";"NOVARTIS EUROPHARM";"panobinostat";"FARYDAK® 10 mg, gélule";"ATUC";"En association avec le bortézomib et la dexaméthasone, est indiqué pour le traitement des patients adultes atteints de myélome multiple en rechute et/ou réfractaire ayant déjà reçu au moins deux lignes de traitement antérieur incluant du bortézomib et un agent immunomodulateur.";"OUI";28/08/2015;16/11/2015;;;"OUI";"NON";"9413413";"FARYDAK 10MG GELU";;01/03/2019
"NXXXX00";"NOVARTIS EUROPHARM";"panobinostat";"FARYDAK® 15 mg, gélule";"ATUn";"Sans objet : ATUn";"OUI";28/08/2015;16/11/2015;;;"NON";"NON";"9413436";"FARYDAK 15MG GELU";;01/03/2019
"CPANO01";"NOVARTIS EUROPHARM";"panobinostat";"FARYDAK® 15 mg, gélule";"ATUC";"En association avec le bortézomib et la dexaméthasone, est indiqué pour le traitement des patients adultes atteints de myélome multiple en rechute et/ou réfractaire ayant déjà reçu au moins deux lignes de traitement antérieur incluant du bortézomib et un agent immunomodulateur.";"OUI";28/08/2015;16/11/2015;;;"OUI";"NON";"9413436";"FARYDAK 15MG GELU";;01/03/2019
"NXXXX00";"NOVARTIS EUROPHARM";"panobinostat";"FARYDAK® 20 mg, gélule";"ATUn";"Sans objet : ATUn";"OUI";28/08/2015;16/11/2015;;;"NON";"NON";"9413442";"FARYDAK 20MG GELU";;01/03/2019
"CPAN01";"NOVARTIS EUROPHARM";"panobinostat";"FARYDAK® 20 mg, gélule";"ATUC";"En association avec le bortézomib et la dexaméthasone, est indiqué pour le traitement des patients adultes atteints de myélome multiple en rechute et/ou réfractaire ayant déjà reçu au moins deux lignes de traitement antérieur incluant du bortézomib et un agent immunomodulateur.";"OUI";28/08/2015;16/11/2015;;;"OUI";"NON";"9413442";"FARYDAK 20MG GELU";;01/03/2019
"NXXXX00";"ROCHE SAS";"emicizumab";"HEMLIBRA® 30 mg/mL solution injectable";"ATUn";"Sans objet : ATUn";"OUI";23/02/2018;04/06/2018;;;"NON";"NON";9436578;"HEMLIBRA 30MG/ML INJ FL1ML 1";;01/04/2019
"CEMIC01";"ROCHE SAS";"emicizumab";"HEMLIBRA® 30 mg/mL solution injectable";"ATUC";"En prophylaxie chez les patients âgs de plus de 1 an atteints d'hémophilie A (déficit congénital en facteuyr VIII) présentant un inhibiteur anti-facteur VIII, requérant un protocole d'induction de tolérance immune (ITI) ou une prophylaie par agents by-passants : - chez lesquels , après évaluation du rapport bénéfice/risque par le biais d'un avis médical collégial, il apparaît que le traitement par Ecmicizumab est plus adapté que le recours à un protocole d'ITI ou à la prophylaxie by-passants et- qui ne sont pas éligibles à un essai clinique par Emicizumab";"NON";23/02/2018;04/06/2018;07/02/2019;"OUI";"OUI";"NON";9436578;"HEMLIBRA 30MG/ML INJ FL1ML 1";"L’indication de la spécialité HEMLIBRA (emicizumab), validée par le CHMP, qui n’a pas fait l’objet d’une autorisation temporaire d’utilisation correspond à « Prophylaxie chez les patients âgés de moins de 1 an atteintsd’une hémophilie A (déficit congénital en facteur VIII) présentant un inhibiteur anti-facteur VIII, requérant un protocole d’induction de tolérance immune (ITI) ou une prophylaxie par agents by-passants ».Dans cette indication, la Haute Autorité de santé a identifié des alternatives thérapeutiques prises en charge par les régimes obligatoires de sécurité sociale.Ces alternatives sont mentionnées en annexe de l'avis n° 2018.0014/AC/SEM du 4 avril 2018 du collège de la Haute Autorité de santé.  Dès lors, aucune prise en charge dérogatoire au titre du dispositif post-ATU n'est autorisée pour ces indications.";01/04/2019
"NXXXX00";"ROCHE SAS";"emicizumab";"HEMLIBRA® 150 mg/mL solution injectable";"ATUn";"Sans objet : ATUn";"OUI";23/02/2018;04/06/2018;;;"NON";"NON";9436561;"HEMLIBRA 150MG/ML INJ FL1ML 1";;01/04/2019
"CEMIC01";"ROCHE SAS";"emicizumab";"HEMLIBRA® 150 mg/mL solution injectable";"ATUC";"En prophylaxie chez les patients âgs de plus de 1 an atteints d'hémophilie A (déficit congénital en facteuyr VIII) présentant un inhibiteur anti-facteur VIII, requérant un protocole d'induction de tolérance immune (ITI) ou une prophylaie par agents by-passants:- chez lesquels , après évaluation du rapport bénéfice/risque par le biais d'un avis médical collégial, il apparaît que le traitement par Ecmicizumab est plus adapté que le recours à un protocole d'ITI ou à la prophylaxie by-passants et- qui ne sont pas éligibles à un essai clinique par Emicizumab";"NON";23/02/2018;04/06/2018;07/02/2019;"OUI";"OUI";"NON";9436561;"HEMLIBRA 150MG/ML INJ FL1ML 1";"L’indication de la spécialité HEMLIBRA (emicizumab), validée par le CHMP, qui n’a pas fait l’objet d’une autorisation temporaire d’utilisation correspond à « Prophylaxie chez les patients âgés de moins de 1 an atteintsd’une hémophilie A (déficit congénital en facteur VIII) présentant un inhibiteur anti-facteur VIII, requérant un protocole d’induction de tolérance immune (ITI) ou une prophylaxie par agents by-passants ».Dans cette indication, la Haute Autorité de santé a identifié des alternatives thérapeutiques prises en charge par les régimes obligatoires de sécurité sociale.Ces alternatives sont mentionnées en annexe de l'avis n° 2018.0014/AC/SEM du 4 avril 2018 du collège de la Haute Autorité de santé.  Dès lors, aucune prise en charge dérogatoire au titre du dispositif post-ATU n'est autorisée pour ces indications.";01/04/2019
"NXXXX00";"SANTEN SAS";"ciclosporine";"IKERVIS® 1 mg/ml, collyre en émulsion ";"ATUn";"Sans objet : ATUn";"OUI";19/03/2015;08/06/2015;;;"NON";"NON";"9397217";"IKERVIS 1MG/ML CY DOS0,3ML";;01/03/2019
"CCICL01";"SANTEN SAS";"ciclosporine";"IKERVIS® 1 mg/ml, collyre en émulsion ";"ATUC";"Traitement de la kératoconjonctivite sèche chez des patients adultes présentant une kératite sévère ou des lésions de la cornée qui ne s’améliorent pas malgré l’instillation de substituts lacrymaux";"OUI";19/03/2015;08/06/2015;;;"OUI";"NON";"9397217";"IKERVIS 1MG/ML CY DOS0,3ML";;01/03/2019
"NXXXX00";"ASTRAZENECA";" durvalumab";"IMFINZI®  50mg/ml, solution à diluer pour perfusion";"ATUn";"Sans objet : ATUn";"OUI";21/09/2018;29/10/2018;;;"NON";"OUI";9440551;"IMFINZI 50MG/ML PERF FL2,4ML";;01/03/2019
"CDURV02";"ASTRAZENECA";" durvalumab";"IMFINZI®  50mg/ml, solution à diluer pour perfusion";"ATUC";"Les patients adultes atteints d’un cancer du poumon non à petites cellules, localement avancé non résécable, ECOG >1, dont la maladie n’a pas progressé après chimio-radiothérapie à base de platine";"OUI";21/09/2018;29/10/2018;;;"OUI";"OUI";9440551;"IMFINZI 50MG/ML PERF FL2,4ML";"Les indications de la spécialité IMFINZI (durvalumab), validée par le CHMP, qui n’ont pas fait l’objet d’une autorisation temporaire d’utilisation sont les suivantes :« Les patients adultes atteints d’un cancer du poumon non à petites cellules, localement avancé non résécable, ECOG >1, dont la maladie n’a pas progressé après chimio-radiothérapie à base de platine. »« Les patients adultes atteints d’un cancer du poumon non à petites cellules, localement avancé non résécable, ECOG 0 ou 1, dont la maladie n’a pas progressé après chimio-radiothérapie séquentielle à base de platine. »Dans cette indication, la Haute Autorité de santé n’a pas identifié d’alternative thérapeutique prise en charge par les régimes obligatoires de sécurité sociale.";01/03/2019
"CDURV03";"ASTRAZENECA";" durvalumab";"IMFINZI®  50mg/ml, solution à diluer pour perfusion";"ATUC";"Les patients adultes atteints d’un cancer du poumon non à petites cellules, localement avancé non résécable, ECOG 0 ou 1, dont la maladie n’a pas progressé après chimio-radiothérapie séquentielle à base de platine.";"OUI";21/09/2018;29/10/2018;;;"OUI";"OUI";9440551;"IMFINZI 50MG/ML PERF FL2,4ML";"Les indications de la spécialité IMFINZI (durvalumab), validée par le CHMP, qui n’ont pas fait l’objet d’une autorisation temporaire d’utilisation sont les suivantes :« Les patients adultes atteints d’un cancer du poumon non à petites cellules, localement avancé non résécable, ECOG >1, dont la maladie n’a pas progressé après chimio-radiothérapie à base de platine. »« Les patients adultes atteints d’un cancer du poumon non à petites cellules, localement avancé non résécable, ECOG 0 ou 1, dont la maladie n’a pas progressé après chimio-radiothérapie séquentielle à base de platine. »Dans cette indication, la Haute Autorité de santé n’a pas identifié d’alternative thérapeutique prise en charge par les régimes obligatoires de sécurité sociale.";01/03/2019
"CDURV01";"ASTRAZENECA";" durvalumab";"IMFINZI®  50mg/ml, solution à diluer pour perfusion";"ATUC";"Traitement des patients adultes atteints d’un cancer du poumon non à petites cellules, stade III non opérable, ECOG 0 ou 1, dont la maladie n’a pas progressé après chimio-radiothérapie concomitante à base de platine.";"OUI";21/09/2018;29/10/2018;;;"OUI";"OUI";9440551;"IMFINZI 50MG/ML PERF FL2,4ML";"Les indications de la spécialité IMFINZI (durvalumab), validée par le CHMP, qui n’ont pas fait l’objet d’une autorisation temporaire d’utilisation sont les suivantes :« Les patients adultes atteints d’un cancer du poumon non à petites cellules, localement avancé non résécable, ECOG >1, dont la maladie n’a pas progressé après chimio-radiothérapie à base de platine. »« Les patients adultes atteints d’un cancer du poumon non à petites cellules, localement avancé non résécable, ECOG 0 ou 1, dont la maladie n’a pas progressé après chimio-radiothérapie séquentielle à base de platine. »Dans cette indication, la Haute Autorité de santé n’a pas identifié d’alternative thérapeutique prise en charge par les régimes obligatoires de sécurité sociale.";01/03/2019
"NXXXX00";"ASTRAZENECA";" durvalumab";"IMFINZI®  50mg/ml, solution à diluer pour perfusion";"ATUn";"Sans objet : ATUn";"OUI";21/09/2018;29/10/2018;;;"NON";"OUI";9440545;"IMFINZI 50MG/ML PERF FL10ML";;01/03/2019
"CDURV02";"ASTRAZENECA";" durvalumab";"IMFINZI®  50mg/ml, solution à diluer pour perfusion";"ATUC";"Les patients adultes atteints d’un cancer du poumon non à petites cellules, localement avancé non résécable, ECOG >1, dont la maladie n’a pas progressé après chimio-radiothérapie à base de platine";"OUI";21/09/2018;29/10/2018;;;"OUI";"OUI";9440545;"IMFINZI 50MG/ML PERF FL10ML";"Les indications de la spécialité IMFINZI (durvalumab), validée par le CHMP, qui n’ont pas fait l’objet d’une autorisation temporaire d’utilisation sont les suivantes :« Les patients adultes atteints d’un cancer du poumon non à petites cellules, localement avancé non résécable, ECOG >1, dont la maladie n’a pas progressé après chimio-radiothérapie à base de platine. »« Les patients adultes atteints d’un cancer du poumon non à petites cellules, localement avancé non résécable, ECOG 0 ou 1, dont la maladie n’a pas progressé après chimio-radiothérapie séquentielle à base de platine. »Dans cette indication, la Haute Autorité de santé n’a pas identifié d’alternative thérapeutique prise en charge par les régimes obligatoires de sécurité sociale.";01/03/2019
"CDURV03";"ASTRAZENECA";" durvalumab";"IMFINZI®  50mg/ml, solution à diluer pour perfusion";"ATUC";"Les patients adultes atteints d’un cancer du poumon non à petites cellules, localement avancé non résécable, ECOG 0 ou 1, dont la maladie n’a pas progressé après chimio-radiothérapie séquentielle à base de platine.";"OUI";21/09/2018;29/10/2018;;;"OUI";"OUI";9440545;"IMFINZI 50MG/ML PERF FL10ML";"Les indications de la spécialité IMFINZI (durvalumab), validée par le CHMP, qui n’ont pas fait l’objet d’une autorisation temporaire d’utilisation sont les suivantes :« Les patients adultes atteints d’un cancer du poumon non à petites cellules, localement avancé non résécable, ECOG >1, dont la maladie n’a pas progressé après chimio-radiothérapie à base de platine. »« Les patients adultes atteints d’un cancer du poumon non à petites cellules, localement avancé non résécable, ECOG 0 ou 1, dont la maladie n’a pas progressé après chimio-radiothérapie séquentielle à base de platine. »Dans cette indication, la Haute Autorité de santé n’a pas identifié d’alternative thérapeutique prise en charge par les régimes obligatoires de sécurité sociale.";01/03/2019
"CDURV01";"ASTRAZENECA";" durvalumab";"IMFINZI®  50mg/ml, solution à diluer pour perfusion";"ATUC";"Traitement des patients adultes atteints d’un cancer du poumon non à petites cellules, stade III non opérable, ECOG 0 ou 1, dont la maladie n’a pas progressé après chimio-radiothérapie concomitante à base de platine.";"OUI";21/09/2018;29/10/2018;;;"OUI";"OUI";9440545;"IMFINZI 50MG/ML PERF FL10ML";"Les indications de la spécialité IMFINZI (durvalumab), validée par le CHMP, qui n’ont pas fait l’objet d’une autorisation temporaire d’utilisation sont les suivantes :« Les patients adultes atteints d’un cancer du poumon non à petites cellules, localement avancé non résécable, ECOG >1, dont la maladie n’a pas progressé après chimio-radiothérapie à base de platine. »« Les patients adultes atteints d’un cancer du poumon non à petites cellules, localement avancé non résécable, ECOG 0 ou 1, dont la maladie n’a pas progressé après chimio-radiothérapie séquentielle à base de platine. »Dans cette indication, la Haute Autorité de santé n’a pas identifié d’alternative thérapeutique prise en charge par les régimes obligatoires de sécurité sociale.";01/03/2019
"NXXXX00";"RETROPHIN EUROPE LIMITED";"acide cholique";"KOLBAM®  50 mg, gélule  (second dispositif post ATU suite au retrait de l'AMM)";"ATUn";"Sans objet : ATUn";"OUI";20/11/2015;30/09/2016;;;"NON";"NON";9404638;"KOLBAM 50MG GELU";;01/03/2019
"NXXXX00";"RETROPHIN EUROPE LIMITED";"acide cholique";"KOLBAM® 250 mg, gélule  (second dispositif post ATU suite au retrait de l'AMM)";"ATUn";"Sans objet : ATUn";"OUI";20/11/2015;30/09/2016;;;"NON";"NON";9404621;"KOLBAM 250MG GELU";;01/03/2019
"CTISA01";"NOVARTIS PHARMA SAS";"tisagenlecleucel";"KYMRIAH® 1,2 x 106  – 6 x 108  cellules dispersion pour perfusion";"ATUc";"Traitement du lymphome B à grandes cellules chez les patients adultes en rechute ou réfractaire après au moins deux lignes de traitement.";"OUI";22/08/2018;24/03/2019;;;"OUI";"OUI";9439938;"KYMRIAH 1,2MN-600MN CELLU POC";;01/04/2019
"CTISA02";"NOVARTIS PHARMA SAS";"tisagenlecleucel";"KYMRIAH® 1,2 x 106  – 6 x 108  cellules dispersion pour perfusion";"ATUc";"Traitement de la leucémie aigüe lymphoblastique (LAL) à cellules B chez les patients âgés de moins de 25 ans au moment où l’indication est posée, en rechute ou réfractaire après au moins deux lignes de traitement.";"OUI";22/08/2018;24/03/2019;;;"OUI";"OUI";9439938;"KYMRIAH 1,2MN-600MN CELLU POC";;01/04/2019
"NXXXX00";"NOVARTIS PHARMA SAS";"tisagenlecleucel";"KYMRIAH® 1,2 x 106  – 6 x 108  cellules dispersion pour perfusion";"ATUn";"Sans objet : ATUn";"OUI";22/08/2018;24/03/2019;;;"NON";"OUI";9428099;"CTL019 SUSP INJ FL";;01/04/2019
"NXXXX00";"ROSEMONT PHARMACEUTICALS Ltd";"clobazam";"LIKOZAM®  1 mg/ml, suspension buvable";"ATUn";"Sans objet : ATUn";"OUI";10/02/2016;11/06/2016;;;"NON";"NON";"9400391";"LIKOZAM 1MG/ML BUV FL150ML+S";;01/03/2019
"CCLOB01";"ROSEMONT PHARMACEUTICALS Ltd";"clobazam";"LIKOZAM®  1 mg/ml, suspension buvable";"ATUC";"En association avec un autre traitement antiépileptique : traitement des épilepsies partielles simples ou complexes et des épilepsies généralisées résistantes, lorsque les autres associations appropriées se sont révélées inefficaces ou mal tolérées.Chez l’enfant, ainsi que chez l’adulte ayant des difficultés de déglutition.";"OUI";10/02/2016;11/06/2016;;;"OUI";"NON";"9400391";"LIKOZAM 1MG/ML BUV FL150ML+S";"Les indications de l’autorisation de mise sur le marché de la spécialité LIKOZAM (clobazam) qui n’ont pas fait l’objet d’une autorisation temporaire d’utilisation de cohorte sont :- traitement symptomatique à court terme (2-4 semaines) de l'anxiété sévère, invalidante ou responsable d’un état de détresse inacceptable ;- traitement des états d'anxiété associés à des troubles affectifs en association avec des traitements adéquats pour le trouble sous-jacent ;- prise en charge des symptômes à court terme de l'excitation et de l'agitation, chez les patients atteints de schizophrénie ou d'autres troubles psychotiques ;- traitement des épilepsies partielles simples ou complexes, avec ou sans généralisation secondaire, et traitement de tous les types d’épilepsie généralisée (crises toniques / cloniques, crises myocloniques, crises d’absence), en association avec un autre traitement antiépileptique chez les adultes n’ayant pas de difficultés de déglutition.Dans ces indications, la Haute Autorité de santé a identifié des alternatives thérapeutiques prises en charge par les régimes obligatoires de sécurité sociale. Ces alternatives sont mentionnées en annexe de l'avis  N° 2016.0044/AC/SEM du 8 juin 2016 du collège de la Haute Autorité de santé, Dès lors, aucune prise en charge dérogatoire au titre du dispositif post-ATU n'est autorisée pour ces indications.";01/03/2019
"NXXXX00";"LABORATOIRE ADVANCED ACCELERATOR APPLICATIONS";"lutetium (177Lu) oxodotreotide";"LUTATHERA®  370 MBq/mL solution pour perfusion";"ATUn";"Sans objet : ATUn";"OUI";26/09/2017;26/12/2017;;;"NON";"OUI";9408211;"LUTATHERA 370MBQ/ML FL30ML";;01/03/2019
"CLUTE01";"LABORATOIRE ADVANCED ACCELERATOR APPLICATIONS";"lutetium (177Lu) oxodotreotide";"LUTATHERA®  370 MBq/mL solution pour perfusion";"ATUC";"Chez l’adulte pour le traitement des tumeurs neuroendocrines bien différenciées de l’intestin moyen (jéjunum, iléon, appendice et partie ascendante du côlon) au stade métastatique ou inopérable, surexprimant des récepteurs de la somatostatine et dont l’indice de prolifération Ki67 est inférieur ou égal à 20%.LUTATHERA est un radiopharmaceutique destiné à la radiothérapie interne vectorisée qui se fixe sur les récepteurs de la somatostatine. Ce traitement ne peut être utilisé qu’en cas d’échec des traitements par les analogues retard non radiomarqués de la somatostatine. Avant de débuter le traitement par LUTATHERA, une imagerie des récepteurs de la somatostatine (par scintigraphie ou par TEP) doit confirmer leur surexpression dans le tissu tumoral. L’admissibilité du patient et la décision de démarrer le traitement doivent être validées lors d’une réunion de concertation pluridisciplinaire spécialisée en oncologie neuroendocrine, en impliquant si possible le réseau expert national RENATEN.";"OUI";26/09/2017;26/12/2017;;;"OUI";"OUI";9408211;"LUTATHERA 370MBQ/ML FL30ML";"Les indications de la spécialité LUTATHERA ([177Lu]-DOTA0-Tyr3-octréotate), validées par le CHMP, qui n’ont pas fait l’objet d’une autorisation temporaire d’utilisation sont :« Traitement de première ligne des tumeurs neuroendocrines bien différenciées de l’intestin moyen (jéjunum, iléon, appendice et partie ascendante du côlon) au stade métastatique ou inopérable, surexprimant des récepteurs de la somatostatine et dont l’indice de prolifération Ki67 est inférieur ou égal à 20 %.Tumeurs neuroendocrines gastriques et pancréatiques quel que soit la ligne de traitement.»Dans ces indications, la Haute Autorité de santé a identifié des alternatives thérapeutiques prises en charge par les régimes obligatoires de sécurité sociale. Dès lors, aucune prise en charge dérogatoire au titre du dispositif post-ATU n'est autorisée pour ces indications.";01/03/2019
"NXXXX00";"PIERRE FABRE MEDICAMENTS";"binimetinib";"MEKTOVI® 15 mg, comprimés pelliculés";"ATUn";"Sans objet : ATUn";"OUI";19/09/2018;17/12/2018;;;"NON";"NON";9444945;"MEKTOVI 15MG CPR";;01/03/2019
"NXXXX00";"ULTRAGENYX France";"vestronidase alfa";"MEPSEVII® 2 mg/ml, solution à diluer pour perfusion.";"ATUn";"Sans objet : ATUn";"OUI";22/08/2018;05/11/2018;;;"NON";"OUI";9444974;"MEPSEVII 2MG/ML PERF FL5ML";;01/03/2019
"NXXXX00";"Pfizer";"Gemtuzumab ozogamicin";"MYLOTARG® 5 mg, lyophilisat pour solution pour perfusion";"ATUn";"Sans objet : ATUn";"OUI";19/04/2018;19/07/2018;;;"NON";"OUI";9299176;"MYLOTARG 5MG PERF FL";;01/03/2019
"CGEMT01";"Pfizer";"Gemtuzumab ozogamicin";"MYLOTARG® 5 mg, lyophilisat pour solution pour perfusion";"ATUC";"En association avec la daunorubicine et la cytarabine pour le traitement des patients adultes atteints de leucémie myéloïde aiguë de novo, précédemment non traitée, ayant une cytogénétique favorable ou intermédiaire ou une mutation FLT3-ITD +.";"OUI";19/04/2018;19/07/2018;;;"OUI";"OUI";9299176;"MYLOTARG 5MG PERF FL";"Les indications de la spécialité MYLOTARG (Gemtuzumab ozogamicin), validées par le CHMP, qui n’ont pas fait l’objet d’une autorisation temporaire d’utilisation sont les suivantes :− « Adolescents à partir de 15 ans (jusqu’à l’âge de 18 ans) atteints de leucémie myéloïde aiguë précédemment non traitée, de novo, CD33-positive, à l’exception de la leucémie aiguë promyélocytaire− Adultes et adolescents âgés de 15 et plus atteints de leucémie myéloïde aiguë précédemment non traitée, de novo, CD33-positive, ayant une cytogénétique défavorable ou n’ayant pas de mutation FLT3-ITD+, à l’exception de la leucémie aiguë promyélocytaire. ».Dans ces indications, la Haute Autorité de santé a identifié des alternatives thérapeutiques prises en charge par les régimes obligatoires de sécurité sociale. Ces alternatives sont mentionnées en annexe de l'avis n° 2018.0015/AC/SEM du 4 avril 2018 du collège de la Haute Autorité de santé, Dès lors, aucune prise en charge dérogatoire au titre du dispositif post-ATU n'est autorisée pour ces indications.";01/03/2019
"NXXXX00";"INDIVIOR UK Limited";"chlorhydrate de naloxone anhydre";"NALSCUE® 0,9 mg/0,1 ml, solution pour pulvérisation nasale en récipient unidose";"ATUn";"Sans objet : ATUn";"OUI";28/07/2017;08/01/2018;;;"NON";"NON";9418712;"NALSCUE 0,9MG/0,1ML NAS DOS";;01/03/2019
"CCHLO01";"INDIVIOR UK Limited";"chlorhydrate de naloxone anhydre";"NALSCUE® 0,9 mg/0,1 ml, solution pour pulvérisation nasale en récipient unidose";"ATUC";"Chez l’adulte et l’enfant dans le traitement d’urgence des surdosages aux opioïdes, connus ou suspectés, se manifestant par une dépression respiratoire et dans l’attente d’une prise en charge par les secours.L’utilisation de NALSCUE ne se substitue pas aux soins d’urgence dispensés par une structure médicale.";"OUI";28/07/2017;08/01/2018;;;"OUI";"NON";9418712;"NALSCUE 0,9MG/0,1ML NAS DOS";"En attente de l'avis de la HAS";01/03/2019
"NXXXX00";"CELL THERAPIES RESEARCH AND SERVICES";" dexaméthasone";"NEOFORDEX® 40 mg comprimés";"ATUn";"Sans objet : ATUn";"OUI";16/03/2016;16/06/2016;;;"NON";"NON";"9417894";"NEOFORDEX 40MG CPR";;01/03/2019
"CDEXA01";"CELL THERAPIES RESEARCH AND SERVICES";" dexaméthasone";"NEOFORDEX® 40 mg comprimés";"ATUC";"Chez l’adulte, en association, dans le traitement de certaines formes de myélome multiple";"OUI";16/03/2016;16/06/2016;;;"OUI";"NON";"9417894";"NEOFORDEX 40MG CPR";"En application de l'article L. 162-15-5-2 du code de la sécurité sociale :Concernant l’indication validée par le CHMP chez les patients atteints de myélome multiple et identique à l’une des indications de l’ATU de cohorte, la prise en charge dérogatoire des poursuites de traitements ansi que des nouveaux traitements est assurée dans le cadre de ce dispositif post-ATU.Concernant les deux autres indications de l’ATU de cohorte qui correspondent aux patients ayant une leucémie aiguë lymphoblastique ou un lymphome et qui n’ont pas fait l’objet d’une demande d’AMM, seules les poursuites de traitement sont autorisées et prises en charge dans le cadre de ce dispositif post-ATU. Les nouveaux traitements ne sont pas pris en charge.";01/03/2019
"CDEXA02";"CELL THERAPIES RESEARCH AND SERVICES";" dexaméthasone";"NEOFORDEX® 40 mg comprimés";"ATUC";"Chez l’adulte, en association, dans le traitement de certaines formes de lymphome";"OUI";16/03/2016;16/06/2016;;;"NON";"NON";"9417894";"NEOFORDEX 40MG CPR";"En application de l'article L. 162-15-5-2 du code de la sécurité sociale :Concernant l’indication validée par le CHMP chez les patients atteints de myélome multiple et identique à l’une des indications de l’ATU de cohorte, la prise en charge dérogatoire des poursuites de traitements ansi que des nouveaux traitements est assurée dans le cadre de ce dispositif post-ATU.Concernant les deux autres indications de l’ATU de cohorte qui correspondent aux patients ayant une leucémie aiguë lymphoblastique ou un lymphome et qui n’ont pas fait l’objet d’une demande d’AMM, seules les poursuites de traitement sont autorisées et prises en charge dans le cadre de ce dispositif post-ATU. Les nouveaux traitements ne sont pas pris en charge.";01/03/2019
"CDEXA03";"CELL THERAPIES RESEARCH AND SERVICES";" dexaméthasone";"NEOFORDEX® 40 mg comprimés";"ATUC";"Chez l’adulte, en association, dans le traitement de certaines formes de leucémie aiguë lymphoblastique.";"OUI";16/03/2016;16/06/2016;;;"NON";"NON";"9417894";"NEOFORDEX 40MG CPR";"En application de l'article L. 162-15-5-2 du code de la sécurité sociale :Concernant l’indication validée par le CHMP chez les patients atteints de myélome multiple et identique à l’une des indications de l’ATU de cohorte, la prise en charge dérogatoire des poursuites de traitements ansi que des nouveaux traitements est assurée dans le cadre de ce dispositif post-ATU.Concernant les deux autres indications de l’ATU de cohorte qui correspondent aux patients ayant une leucémie aiguë lymphoblastique ou un lymphome et qui n’ont pas fait l’objet d’une demande d’AMM, seules les poursuites de traitement sont autorisées et prises en charge dans le cadre de ce dispositif post-ATU. Les nouveaux traitements ne sont pas pris en charge.";01/03/2019
"NXXXX00";"MARTINDALE PHARMACEUTICALS LIMITED";"captopril";"NOYADA 5 mg/5 ml, solution buvable";"ATUn";"Sans objet : ATUn";"OUI";14/06/2017;11/09/2017;;;"NON";"NON";9415346;"NOYADA 5MG/5ML BUV FL 100ML";;01/03/2019
"CCAPT01";"MARTINDALE PHARMACEUTICALS LIMITED";"captopril";"NOYADA 5 mg/5 ml, solution buvable";"ATUC";"Chez les enfants de plus de 6 ans sans troubles de la déglutition ayant une insuffisance cardiaque qui ne serait pasconsécutive à une chirurgie cardiaque";"OUI";14/06/2017;11/09/2017;;;"OUI";"NON";9415346;"NOYADA 5MG/5ML BUV FL 100ML";"Dans les indications 1, 2 et 3 validée par l’ANSM qui n’ont pas fait l’objet d’une autorisation temporaire d’utilisation décrites au paragraphe 02, il existe des alternatives thérapeutiques prises en charge par les régimes obligatoires de sécurité sociale, à l’exception des enfants de plus de 6 ans sans troubles de la déglutition ayant une insuffisance cardiaque qui ne serait pas consécutive à une chirurgie cardiaque, où il n’y a pas d’alternative.";01/03/2019
"CCAPT02";"MARTINDALE PHARMACEUTICALS LIMITED";"captopril";"NOYADA 5 mg/5 ml, solution buvable";"ATUC";"Chez l’enfant de moins de 6 ans, ainsi que chez l’enfant et l’adulte ayant des difficultés de déglutition dans l'hypertension artérielle";"OUI";14/06/2017;11/09/2017;;;"OUI";"NON";9415346;"NOYADA 5MG/5ML BUV FL 100ML";"Dans les indications 1, 2 et 3 validée par l’ANSM qui n’ont pas fait l’objet d’une autorisation temporaire d’utilisation décrites au paragraphe 02, il existe des alternatives thérapeutiques prises en charge par les régimes obligatoires de sécurité sociale, à l’exception des enfants de plus de 6 ans sans troubles de la déglutition ayant une insuffisance cardiaque qui ne serait pas consécutive à une chirurgie cardiaque, où il n’y a pas d’alternative.";01/03/2019
"CCAPT03";"MARTINDALE PHARMACEUTICALS LIMITED";"captopril";"NOYADA 5 mg/5 ml, solution buvable";"ATUC";"Chez l’enfant de moins de 6 ans, ainsi que chez l’enfant et l’adulte ayant des difficultés de déglutition dans l'insuffisance cardiaque";"OUI";14/06/2017;11/09/2017;;;"OUI";"NON";9415346;"NOYADA 5MG/5ML BUV FL 100ML";"Dans les indications 1, 2 et 3 validée par l’ANSM qui n’ont pas fait l’objet d’une autorisation temporaire d’utilisation décrites au paragraphe 02, il existe des alternatives thérapeutiques prises en charge par les régimes obligatoires de sécurité sociale, à l’exception des enfants de plus de 6 ans sans troubles de la déglutition ayant une insuffisance cardiaque qui ne serait pas consécutive à une chirurgie cardiaque, où il n’y a pas d’alternative.";01/03/2019
"CCAPT04";"MARTINDALE PHARMACEUTICALS LIMITED";"captopril";"NOYADA 5 mg/5 ml, solution buvable";"ATUC";"Chez l’enfant de moins de 6 ans, ainsi que chez l’enfant et l’adulte ayant des difficultés de déglutition dans :- la néphropathie diabétique du diabète de type I : Le traitement de la néphropathie diabétique macroprotéinurique du diabète insulinodépendant.";"OUI";14/06/2017;11/09/2017;;;"OUI";"NON";9415346;"NOYADA 5MG/5ML BUV FL 100ML";"Dans les indications 1, 2 et 3 validée par l’ANSM qui n’ont pas fait l’objet d’une autorisation temporaire d’utilisation décrites au paragraphe 02, il existe des alternatives thérapeutiques prises en charge par les régimes obligatoires de sécurité sociale, à l’exception des enfants de plus de 6 ans sans troubles de la déglutition ayant une insuffisance cardiaque qui ne serait pas consécutive à une chirurgie cardiaque, où il n’y a pas d’alternative.";01/03/2019
"CCAPT05";"MARTINDALE PHARMACEUTICALS LIMITED";"captopril";"NOYADA 5 mg/5 ml, solution buvable";"ATUC";"Chez l’adulte ayant des difficultés de déglutitiondans l'nfarctus du myocarde :- Traitement de courte durée (4 semaines) : Dans les 24 premières heures chez les patients en situation hémodynamique stable.";"OUI";14/06/2017;11/09/2017;;;"OUI";"NON";9415346;"NOYADA 5MG/5ML BUV FL 100ML";"Dans les indications 1, 2 et 3 validée par l’ANSM qui n’ont pas fait l’objet d’une autorisation temporaire d’utilisation décrites au paragraphe 02, il existe des alternatives thérapeutiques prises en charge par les régimes obligatoires de sécurité sociale, à l’exception des enfants de plus de 6 ans sans troubles de la déglutition ayant une insuffisance cardiaque qui ne serait pas consécutive à une chirurgie cardiaque, où il n’y a pas d’alternative.";01/03/2019
"CCAPT06";"MARTINDALE PHARMACEUTICALS LIMITED";"captopril";"NOYADA 5 mg/5 ml, solution buvable";"ATUC";"Chez l’adulte ayant des difficultés de déglutition dans l'infarctus du myocarde :- Prévention à long terme de l'insuffisance cardiaque symptomatique : chez les patients cliniquement stables avecdysfonction ventriculaire gauche asymptomatique (fraction d'éjection ≤ à 40 %). »";"OUI";14/06/2017;11/09/2017;;;"OUI";"NON";9415346;"NOYADA 5MG/5ML BUV FL 100ML";"Dans les indications 1, 2 et 3 validée par l’ANSM qui n’ont pas fait l’objet d’une autorisation temporaire d’utilisation décrites au paragraphe 02, il existe des alternatives thérapeutiques prises en charge par les régimes obligatoires de sécurité sociale, à l’exception des enfants de plus de 6 ans sans troubles de la déglutition ayant une insuffisance cardiaque qui ne serait pas consécutive à une chirurgie cardiaque, où il n’y a pas d’alternative.";01/03/2019
"NXXXX00";"MARTINDALE PHARMACEUTICALS LIMITED";"captopril";"NOYADA®  25 mg/5 ml, solution buvable";"ATUn";"Sans objet : ATUn";"OUI";14/06/2017;11/09/2017;;;"NON";;"9407648";"NOYADA 25MG/5ML BUV FL 100ML";;01/03/2019
"CCAPT01";"MARTINDALE PHARMACEUTICALS LIMITED";"captopril";"NOYADA®  25 mg/5 ml, solution buvable";"ATUC";"Chez les enfants de plus de 6 ans sans troubles de la déglutition ayant une insuffisance cardiaque qui ne serait pasconsécutive à une chirurgie cardiaque";"OUI";14/06/2017;11/09/2017;;;"OUI";;"9407648";"NOYADA 25MG/5ML BUV FL 100ML";"Dans les indications 1, 2 et 3 validée par l’ANSM qui n’ont pas fait l’objet d’une autorisation temporaire d’utilisation décrites au paragraphe 02, il existe des alternatives thérapeutiques prises en charge par les régimes obligatoires de sécurité sociale, à l’exception des enfants de plus de 6 ans sans troubles de la déglutition ayant une insuffisance cardiaque qui ne serait pas consécutive à une chirurgie cardiaque, où il n’y a pas d’alternative.";01/03/2019
"CCAPT02";"MARTINDALE PHARMACEUTICALS LIMITED";"captopril";"NOYADA®  25 mg/5 ml, solution buvable";"ATUC";"Chez l’enfant de moins de 6 ans, ainsi que chez l’enfant et l’adulte ayant des difficultés de déglutition dans l'hypertension artérielle";"OUI";14/06/2017;11/09/2017;;;"OUI";;"9407648";"NOYADA 25MG/5ML BUV FL 100ML";"Dans les indications 1, 2 et 3 validée par l’ANSM qui n’ont pas fait l’objet d’une autorisation temporaire d’utilisation décrites au paragraphe 02, il existe des alternatives thérapeutiques prises en charge par les régimes obligatoires de sécurité sociale, à l’exception des enfants de plus de 6 ans sans troubles de la déglutition ayant une insuffisance cardiaque qui ne serait pas consécutive à une chirurgie cardiaque, où il n’y a pas d’alternative.";01/03/2019
"CCAPT03";"MARTINDALE PHARMACEUTICALS LIMITED";"captopril";"NOYADA®  25 mg/5 ml, solution buvable";"ATUC";"Chez l’enfant de moins de 6 ans, ainsi que chez l’enfant et l’adulte ayant des difficultés de déglutition dans l'insuffisance cardiaque";"OUI";14/06/2017;11/09/2017;;;"OUI";;"9407648";"NOYADA 25MG/5ML BUV FL 100ML";"Dans les indications 1, 2 et 3 validée par l’ANSM qui n’ont pas fait l’objet d’une autorisation temporaire d’utilisation décrites au paragraphe 02, il existe des alternatives thérapeutiques prises en charge par les régimes obligatoires de sécurité sociale, à l’exception des enfants de plus de 6 ans sans troubles de la déglutition ayant une insuffisance cardiaque qui ne serait pas consécutive à une chirurgie cardiaque, où il n’y a pas d’alternative.";01/03/2019
"CCAPT04";"MARTINDALE PHARMACEUTICALS LIMITED";"captopril";"NOYADA®  25 mg/5 ml, solution buvable";"ATUC";"Chez l’enfant de moins de 6 ans, ainsi que chez l’enfant et l’adulte ayant des difficultés de déglutition dans :- la néphropathie diabétique du diabète de type I : Le traitement de la néphropathie diabétique macroprotéinurique du diabète insulinodépendant.";"OUI";14/06/2017;11/09/2017;;;"OUI";;"9407648";"NOYADA 25MG/5ML BUV FL 100ML";"Dans les indications 1, 2 et 3 validée par l’ANSM qui n’ont pas fait l’objet d’une autorisation temporaire d’utilisation décrites au paragraphe 02, il existe des alternatives thérapeutiques prises en charge par les régimes obligatoires de sécurité sociale, à l’exception des enfants de plus de 6 ans sans troubles de la déglutition ayant une insuffisance cardiaque qui ne serait pas consécutive à une chirurgie cardiaque, où il n’y a pas d’alternative.";01/03/2019
"CCAPT05";"MARTINDALE PHARMACEUTICALS LIMITED";"captopril";"NOYADA®  25 mg/5 ml, solution buvable";"ATUC";"Chez l’adulte ayant des difficultés de déglutitiondans l'nfarctus du myocarde :- Traitement de courte durée (4 semaines) : Dans les 24 premières heures chez les patients en situation hémodynamique stable.";"OUI";14/06/2017;11/09/2017;;;"OUI";;"9407648";"NOYADA 25MG/5ML BUV FL 100ML";"Dans les indications 1, 2 et 3 validée par l’ANSM qui n’ont pas fait l’objet d’une autorisation temporaire d’utilisation décrites au paragraphe 02, il existe des alternatives thérapeutiques prises en charge par les régimes obligatoires de sécurité sociale, à l’exception des enfants de plus de 6 ans sans troubles de la déglutition ayant une insuffisance cardiaque qui ne serait pas consécutive à une chirurgie cardiaque, où il n’y a pas d’alternative.";01/03/2019
"CCAPT06";"MARTINDALE PHARMACEUTICALS LIMITED";"captopril";"NOYADA®  25 mg/5 ml, solution buvable";"ATUC";"Chez l’adulte ayant des difficultés de déglutition dans l'infarctus du myocarde :- Prévention à long terme de l'insuffisance cardiaque symptomatique : chez les patients cliniquement stables avecdysfonction ventriculaire gauche asymptomatique (fraction d'éjection ≤ à 40 %). »";"OUI";14/06/2017;11/09/2017;;;"OUI";;"9407648";"NOYADA 25MG/5ML BUV FL 100ML";"Dans les indications 1, 2 et 3 validée par l’ANSM qui n’ont pas fait l’objet d’une autorisation temporaire d’utilisation décrites au paragraphe 02, il existe des alternatives thérapeutiques prises en charge par les régimes obligatoires de sécurité sociale, à l’exception des enfants de plus de 6 ans sans troubles de la déglutition ayant une insuffisance cardiaque qui ne serait pas consécutive à une chirurgie cardiaque, où il n’y a pas d’alternative.";01/03/2019
"NXXXX00";"INTERCEPT PHARMA LTD";"acide obéticholique";"OCALIVA® 5 mg, comprimé";"ATUn";"Sans objet : ATUn";"OUI";12/12/2016;23/01/2017;;;"NON";"NON";"9421944";"OCALIVA 5MG CPR PELLIC";;01/03/2019
"CACID01";"INTERCEPT PHARMA LTD";"acide obéticholique";"OCALIVA® 5 mg, comprimé";"ATUC";"Traitement de la cholangite biliaire primitive (également appelée""cirrhose biliaire primitive"") en association avec l’acide ursodésoxycholique (AUDC) chez les adultes présentant une réponse insuffisante à l’AUDC";"OUI";12/12/2016;23/01/2017;;;"OUI";"NON";"9421944";"OCALIVA 5MG CPR PELLIC";" A titre exceptionnel et dérogatoire, le dispositif post ATU est applicable à la spécialité OCALIVA 10 mg, comprimé (code UCD : 9422889)";01/03/2019
"CACID02";"INTERCEPT PHARMA LTD";"acide obéticholique";"OCALIVA® 5 mg, comprimé";"ATUC";"Traitement de la cholangite biliaire primitive (également appelée""cirrhose biliaire primitive"") en monothérapie chez les adultes qui ne tolèrent pas l’AUDC et ne pouvant être inclus dans un essai clinique.";"OUI";12/12/2016;23/01/2017;;;"OUI";"NON";"9421944";"OCALIVA 5MG CPR PELLIC";" A titre exceptionnel et dérogatoire, le dispositif post ATU est applicable à la spécialité OCALIVA 10 mg, comprimé (code UCD : 9422889)";01/03/2019
"NXXXX00";"ROCHE SAS";"ocrelizumab";"OCREVUS® 300 mg, solution à diluer pour perfusion";"ATUn";"Sans objet : ATUn";"OUI";08/01/2018;23/02/2018;;;"NON";"OUI";9435136;"OCREVUS 300MG PERF FL10ML";;01/03/2019
"COCRE01";"ROCHE SAS";"ocrelizumab";"OCREVUS® 300 mg, solution à diluer pour perfusion";"ATUC";"Le traitement des patients adultes atteints de sclérose en plaques primaire progressive (SEP-PP) à un stade précoce en termes de durée de la maladie et de niveau du handicap, associé à des données d’imagerie caractéristiques d’une activité inflammatoire.";"NON";08/01/2018;23/02/2018;28/02/2019;"OUI";"OUI";"OUI";9435136;"OCREVUS 300MG PERF FL10ML";"L’indication de la spécialité OCREVUS (ocrelizumab), validée par le CHMP, qui n’a pas fait l’objet d’une autorisation temporaire d’utilisation correspond à « OCREVUS est indiqué dans le traitement des patients adultes atteints de formes actives de sclérose en plaques récurrente (SEP-R) définies par des paramètres cliniques ou d’imagerie ».Dans cette indication, la Haute Autorité de santé a identifié des alternatives thérapeutiques prises en charge par les régimes obligatoires de sécurité sociale. Ces alternatives sont mentionnées en annexe de l'avis n° 2018.0012/AC/SEM du 14 mars 2018 du collège de la Haute Autorité de santé.Dès lors, aucune prise en charge dérogatoire au titre du dispositif post-ATU n'est autorisée pour ces indications.";01/03/2019
"NXXXX00";"ALNYLAM";"patisiran";"ONPATTRO® 2 mg/ml, solution à diluer pour perfusion.";"ATUn";"Sans objet : ATUn";"OUI";26/08/2018;03/12/2018;;;"NON";"NON";9442490;"ONPATTRO 2MG/ML PERF FL5ML";;01/03/2019
"CPATI01";"ALNYLAM";"patisiran";"ONPATTRO® 2 mg/ml, solution à diluer pour perfusion.";"ATUC";"Chez les patients adultes atteints d’amylose à transthyrétine héréditaire (ATTRh), dans le traitement des polyneuropathies de stade I, après échec des autres traitements disponibles,dans le traitement des polyneuropathies de stade II.";"OUI";26/08/2018;03/12/2018;;;"OUI";"NON";9442490;"ONPATTRO 2MG/ML PERF FL5ML";"L’indication de la spécialité ONPATTRO (patisiran), validée par le CHMP, qui n’a pas fait l’objet d’uneautorisation temporaire d’utilisation est la suivante : « chez les patients adultes atteints d’amylose à transthyrétine héréditaire (ATTRh), dans le traitement des polyneuropathies de stade I, en 1ère ligne ». Dans cette indication, la Haute Autorité de santé a identifié une alternative thérapeutique prise en charge par les régimes obligatoires de sécurité sociale.Cette alternative est mentionnée en annexe de l'avis n° 2018.0044/AC/SEM du 7 novembre 2018 du collège de la Haute Autorité de santé, Dès lors, aucune prise en charge dérogatoire au titre du dispositif post-ATU n'est autorisée pour ces indications.";01/03/2019
"NXXXX00";"VERTEX PHARMACEUTICALS";"lumacaftor/ivacaftor";"ORKAMBI® 200 mg/125 mg, comprimé pelliculé";"ATUn";"Sans objet : ATUn";"OUI";19/11/2015;14/03/2016;;;"NON";"NON";9415903;"ORKAMBI 200MG/125MG CPR BT28X4";;01/03/2019
"CLUMA01";"VERTEX PHARMACEUTICALS";"lumacaftor/ivacaftor";"ORKAMBI® 200 mg/125 mg, comprimé pelliculé";"ATUC";"Le traitement de la mucoviscidose chez les patients âgés de 12 ans et plus, homozygotes pour la mutation F508del  du gène CFTR .";"OUI";19/11/2015;14/03/2016;;;"OUI";"NON";9415903;"ORKAMBI 200MG/125MG CPR BT28X4";;01/03/2019
"NXXXX00";"DOMPE FARMACEUTICI S.P.A.";"cénégermine";"OXERVATE®  20µg/ml, collyre en solution";"ATUn";"Sans objet : ATUn";"OUI";06/07/2017;09/10/2017;;;"NON";"NON";9428455;"OXERVATE 20 μG/ML COLLY FL";;01/03/2019
"NXXXX00";"MSD";" letermovir";"PREVYMIS® 240 mg comprimé pelliculé";"ATUn";"Sans objet : ATUn";"OUI";08/01/2019;21/01/2019;;;"NON";"NON";9439335;"PREVYMIS 240MG CPR";;01/03/2019
"NXXXX00";"MSD";" letermovir";"PREVYMIS® 240 mg solution à diluer pour perfusion";"ATUn";"Sans objet : ATUn";"OUI";08/01/2019;21/01/2019;;;"NON";"NON";9439341;"PREVYMIS 240MG PERF FL12ML";;01/03/2019
"NXXXX00";"MSD";" letermovir";"PREVYMIS® 480 mg solution à diluer pour perfusion";"ATUn";"Sans objet : ATUn";"OUI";08/01/2019;21/01/2019;;;"NON";"NON";9439364;"PREVYMIS 480MG PERF FL24ML";;01/03/2019
"NXXXX00";"SANTHERA Pharmaceuticals (Deutschland) GmbH";"idébénone.";"RAXONE® 150 mg comprimés pelliculés";"ATUn";"Sans objet : ATUn";"OUI";08/09/2015;01/11/2015;;;"NON";"NON";9399216;"RAXONE 150MG CPR PELLIC";;01/03/2019
"CIDEB01";"SANTHERA Pharmaceuticals (Deutschland) GmbH";"idébénone.";"RAXONE® 150 mg comprimés pelliculés";"ATUC";" Le traitement des patients âgés de plus de 14 ans présentant un épisode de neuropathie optique héréditaire de Leber (NOHL) dont les symptômes ont débuté depuis plus de un an";"OUI";08/09/2015;01/11/2015;;;"OUI";"NON";9399216;"RAXONE 150MG CPR PELLIC";"Dans les indications non comprises dans l’ATU de cohorte mais incluses dans le libellé d’indication validé par le CHMP:"" le traitement des patients âgés de plus de 14 ans présentant un épisode de neuropathie optique héréditaire de Leber (NOHL) dont les symptômes ont débuté depuis plus de un an"", il n’existe pas d’alternative prise en charge par les régimes obligatoires de sécurité sociale (avis de la HAS N° 2015.0073/AC/SEM DU 22 JUILLET 2015)";01/03/2019
"CIDEB02";"SANTHERA Pharmaceuticals (Deutschland) GmbH";"idébénone.";"RAXONE® 150 mg comprimés pelliculés";"ATUC";"Le traitement des patients âgés de plus de 14 ans présentant un épisode de neuropathie optique héréditaire de Leber (NOHL) dont les symptômes ont débuté depuis moins de 1 an.";"OUI";08/09/2015;01/11/2015;;;"OUI";"NON";9399216;"RAXONE 150MG CPR PELLIC";"Dans les indications non comprises dans l’ATU de cohorte mais incluses dans le libellé d’indication validé par le CHMP:"" le traitement des patients âgés de plus de 14 ans présentant un épisode de neuropathie optique héréditaire de Leber (NOHL) dont les symptômes ont débuté depuis plus de un an"", il n’existe pas d’alternative prise en charge par les régimes obligatoires de sécurité sociale (avis de la HAS N° 2015.0073/AC/SEM DU 22 JUILLET 2015)";01/03/2019
"NXXXX00";"NOVARTIS PHARMA SAS";"midostaurine";"RYDAPT®  25 mg, capsule molle";"ATUn";"Sans objet : ATUn";"OUI";18/09/2017;17/07/2017;;;"NON";"NON";9433203;"RYDAPT 25MG CAPS";;01/03/2019
"CMIDO01";"NOVARTIS PHARMA SAS";"midostaurine";"RYDAPT®  25 mg, capsule molle";"ATUC";"En monothérapie dans le traitement de la mastocytose systémique agressive (MSA), de la mastocytose systémique associée à une hémopathie maligne non mastocytaire (MS-AHM) ou de la leucémie à mastocytes (LM) chez les patients adultes pour lesquels il n’existe pas d’alternative thérapeutique appropriée et sous réserve de la validation préalable de chaque inclusion par une Réunion de concertation pluridisciplinaire (RCP) nationale.  ";"OUI";18/09/2017;17/07/2017;;;"OUI";"NON";9433203;"RYDAPT 25MG CAPS";"Les indications de la spécialité RYDAPT (midostaurine), validées par le CHMP, qui n’ont pas fait l’objet d’une autorisation temporaire d’utilisation sont :« Les patients adultes atteints de la mastocytose systémique agressive (MSA), de la mastocytose systémique associée à une hémopathie maligne non mastocytaire (MS-AHM) ou de la leucémie à mastocytes (LM) et nouvellement diagnostiqués.»Dans ces indications, la Haute Autorité de santé a identifié des alternatives thérapeutiques prises en charge par les régimes obligatoires de sécurité sociale. Ces alternatives sont mentionnées en annexe de l'avis  n°2017.0096/AC/SEM du 22 novembre 2017 du collège de la Haute Autorité de santé.Dès lors, aucune prise en charge dérogatoire au titre du dispositif post-ATU n'est autorisée pour ces indications.";01/03/2019
"CMIDO02";"NOVARTIS PHARMA SAS";"midostaurine";"RYDAPT®  25 mg, capsule molle";"ATUC";"En association avec une chimiothérapie standard d’induction et de consolidation suivie d’un traitement d’entretien par midostaurine en monothérapie chez les patients adultes qui présentent une leucémie aigüe myéloïde (LAM) nouvellement diagnostiquée avec mutation du gène Fms-like tyrosine kinase récepteur 3 (FLT3 ) et qui sont éligibles à une chimiothérapie intensive et pour lesquels il n’existe pas d’alternative thérapeutique appropriée.";"OUI";18/09/2017;17/07/2017;;;"OUI";"NON";9433203;"RYDAPT 25MG CAPS";"Les indications de la spécialité RYDAPT (midostaurine), validées par le CHMP, qui n’ont pas fait l’objet d’une autorisation temporaire d’utilisation sont :« Les patients adultes atteints de la mastocytose systémique agressive (MSA), de la mastocytose systémique associée à une hémopathie maligne non mastocytaire (MS-AHM) ou de la leucémie à mastocytes (LM) et nouvellement diagnostiqués.»Dans ces indications, la Haute Autorité de santé a identifié des alternatives thérapeutiques prises en charge par les régimes obligatoires de sécurité sociale. Ces alternatives sont mentionnées en annexe de l'avis  n°2017.0096/AC/SEM du 22 novembre 2017 du collège de la Haute Autorité de santé.Dès lors, aucune prise en charge dérogatoire au titre du dispositif post-ATU n'est autorisée pour ces indications.";01/03/2019
"NXXXX00";"BIOGEN IDEC LTD";"  nusinersen ";"SPINRAZA® 12 mg solution injectable";"ATUn";"Sans objet : ATUn";"OUI";30/05/2017;21/08/2017;;;"NON";"NON";9426976;"SPINRAZA 12MG INJ FL5ML";;01/03/2019
"CNUSI01";"BIOGEN IDEC LTD";"  nusinersen ";"SPINRAZA® 12 mg solution injectable";"ATUC";"Traitement des patients symptomatiques atteints d’une amyotrophie spinale avec délétion 5q et ayant atteint un stade de marche autonome ;";"OUI";30/05/2017;21/08/2017;;;"OUI";"NON";9426976;"SPINRAZA 12MG INJ FL5ML";"Conclusions de l'avis de la HAS n° 2017.0066/AC/SEM du 21 juin 2017 du collège de la Haute Autorité de santé : les indications de la spécialité SPINRAZA (nusinersen), validée par le CHMP, qui n’ont pas fait l’objet d’une autorisation temporaire d’utilisation correspond au traitement des patients :- symptomatiques atteints d’une amyotrophie spinale avec délétion 5q et ayant atteint un stade de marche autonome ;- non symptomatiques atteints d’une amyotrophie spinale avec délétion 5q.Dans ces indications, la Haute Autorité de santé n’a pas identifié alternatives thérapeutiques prises en charge par les régimes obligatoires de sécurité sociale.";01/03/2019
"CNUSI02";"BIOGEN IDEC LTD";"  nusinersen ";"SPINRAZA® 12 mg solution injectable";"ATUC";"Traitement des patients non symptomatiques atteints d’une amyotrophie spinale avec délétion 5q.";"OUI";30/05/2017;21/08/2017;;;"OUI";"NON";9426976;"SPINRAZA 12MG INJ FL5ML";"Conclusions de l'avis de la HAS n° 2017.0066/AC/SEM du 21 juin 2017 du collège de la Haute Autorité de santé : les indications de la spécialité SPINRAZA (nusinersen), validée par le CHMP, qui n’ont pas fait l’objet d’une autorisation temporaire d’utilisation correspond au traitement des patients :- symptomatiques atteints d’une amyotrophie spinale avec délétion 5q et ayant atteint un stade de marche autonome ;- non symptomatiques atteints d’une amyotrophie spinale avec délétion 5q.Dans ces indications, la Haute Autorité de santé n’a pas identifié alternatives thérapeutiques prises en charge par les régimes obligatoires de sécurité sociale.";01/03/2019
"CNUSI03";"BIOGEN IDEC LTD";"  nusinersen ";"SPINRAZA® 12 mg solution injectable";"ATUC";"Traitement des patients symptomatiques atteints d’amyotrophie spinale (SMA) 5q et n’ayant jamais atteint un stade de marche autonome.";"OUI";30/05/2017;21/08/2017;;;"OUI";"NON";9426976;"SPINRAZA 12MG INJ FL5ML";"Conclusions de l'avis de la HAS n° 2017.0066/AC/SEM du 21 juin 2017 du collège de la Haute Autorité de santé : les indications de la spécialité SPINRAZA (nusinersen), validée par le CHMP, qui n’ont pas fait l’objet d’une autorisation temporaire d’utilisation correspond au traitement des patients :- symptomatiques atteints d’une amyotrophie spinale avec délétion 5q et ayant atteint un stade de marche autonome ;- non symptomatiques atteints d’une amyotrophie spinale avec délétion 5q.Dans ces indications, la Haute Autorité de santé n’a pas identifié alternatives thérapeutiques prises en charge par les régimes obligatoires de sécurité sociale.";01/03/2019
"NXXXX00";"ASTRAZENECA";"osimertinib";"TAGRISSO® 40 mg, comprimé pelliculé";"ATUn";"Sans objet : ATUn";"OUI";02/02/2016;02/05/2016;;;"NON";"NON";"9416245";"TAGRISSO 40MG CPR";;01/03/2019
"COSIM01";"ASTRAZENECA";"osimertinib";"TAGRISSO® 40 mg, comprimé pelliculé";"ATUC";"Traitement des patients adultes non éligibles à un essai clinique en cours, atteints d’un cancer broncho-pulmonaire non à petites cellules localement avancé ou métastatique, porteurs des mutations EGFRm+ et T790M, qui ont progressé pendant ou après un traitement par un inhibiteur de tyrosine kinase du récepteur de l’EGF, et par une chimiothérapie à base de sels de platine ou en cas d’intolérance à celle-ci.";"OUI";02/02/2016;02/05/2016;;;"OUI";"NON";"9416245";"TAGRISSO 40MG CPR";"Le(s) indication(s) de l’autorisation de mise sur le marché de la spécialité TAGRISSO (osimertinib) qui n’ontpas fait l’objet d’une autorisation temporaire d’utilisation de cohorte sont :- Cancer broncho-pulmonaire non à petites cellules localement avancé ou métastatique, porteurs desmutations EGFRm+ en première ligne.- Cancer broncho-pulmonaire non à petites cellules localement avancé ou métastatique, porteurs desmutations EGFRm+ en deuxième ligne.Dans ces indications, la HAS a identifié des thérapeutiques prises en charge par les régimes obligatoires de sécurité sociale. Ces alternatives sont mentionnées en annexe de l'avis N° 2016.0016/AC/SEM du 27 janvier 2016 du Collège de la Haute Autorité de Santé, Dès lors, aucune prise en charge dérogatoire au titre du dispositif post-ATU n'est autorisée pour ces indications.";01/03/2019
"NXXXX00";"ASTRAZENECA";"osimertinib";"TAGRISSO® 80 mg, comprimé pelliculé";"ATUn";"Sans objet : ATUn";"OUI";02/02/2016;02/05/2016;;;"NON";"NON";"9416251";"TAGRISSO 80MG CPR";;01/03/2019
"COSIM01";"ASTRAZENECA";"osimertinib";"TAGRISSO® 80 mg, comprimé pelliculé";"ATUC";"Traitement des patients adultes non éligibles à un essai clinique en cours, atteints d’un cancer broncho-pulmonaire non à petites cellules localement avancé ou métastatique, porteurs des mutations EGFRm+ et T790M, qui ont progressé pendant ou après un traitement par un inhibiteur de tyrosine kinase du récepteur de l’EGF, et par une chimiothérapie à base de sels de platine ou en cas d’intolérance à celle-ci.";"OUI";02/02/2016;02/05/2016;;;"OUI";"NON";"9416251";"TAGRISSO 80MG CPR";"Le(s) indication(s) de l’autorisation de mise sur le marché de la spécialité TAGRISSO (osimertinib) qui n’ontpas fait l’objet d’une autorisation temporaire d’utilisation de cohorte sont :- Cancer broncho-pulmonaire non à petites cellules localement avancé ou métastatique, porteurs desmutations EGFRm+ en première ligne.- Cancer broncho-pulmonaire non à petites cellules localement avancé ou métastatique, porteurs desmutations EGFRm+ en deuxième ligne.Dans ces indications, la HAS a identifié des thérapeutiques prises en charge par les régimes obligatoires de sécurité sociale. Ces alternatives sont mentionnées en annexe de l'avis N° 2016.0016/AC/SEM du 27 janvier 2016 du Collège de la Haute Autorité de Santé, Dès lors, aucune prise en charge dérogatoire au titre du dispositif post-ATU n'est autorisée pour ces indications.";01/03/2019
"NXXXX00";"SHIRE France";"lanadelumab";"TAKHZYRO® 300 mg solution for injection";"ATUn";"Sans objet : ATUn";"OUI";22/11/2018;13/03/2019;;;"NON";"NON";9444052;"TAKHZYRO 300MG INJ FL2ML +NEC";;01/04/2019
"CLANA01";"SHIRE France";"lanadelumab";"TAKHZYRO® 300 mg solution for injection";"ATUC";"Prévention de routine des crises récurrentes d’angio-œdème héréditaire (AOH) de type III, chez les patients âgés de 12 ans et plus, lorsque les traitements indiqués dans la prévention de routine sont inefficaces ou indisponibles";"OUI";22/11/2018;13/03/2019;;;"OUI";"NON";9444052;"TAKHZYRO 300MG INJ FL2ML +NEC";"Dans les indications validées par le CHMP qui n’ont pas fait l’objet d’une autorisation temporaire d’utilisation :- il existe des alternatives thérapeutiques prises en charge par les régimes obligatoires de sécurité sociale dans""la prévention de routine des crises récurrentes d’angio-œdème héréditaire (AOH) de type I, II et III, chez les patients âgés de 12 ans et plus, lorsque les traitements indiqués dans la prévention de routine sont efficaces ou disponibles"", Dès lors, aucune prise en charge dérogatoire au titre du dispositif post-ATU n'est autorisée pour cette indication.- il n’existe pas d’alternative thérapeutique prise en charge par les régimes obligatoiresde sécurité sociale dans""la prévention de routine des crises récurrentes d’angio-œdème héréditaire (AOH) de type III, chez les patients âgés de 12 ans et plus, lorsque les traitements indiqués dans la prévention de routine sont inefficaces ou indisponibles"".";01/04/2019
"CLANA02";"SHIRE France";"lanadelumab";"TAKHZYRO® 300 mg solution for injection";"ATUC";"Prévention de routine des crises récurrentes d’angio-œdème héréditaire (AOH) de type I et II chez les patients âgés de 12 ans et plus, lorsque les traitements indiqués dans la prévention de routine sont inefficaces ou indisponibles";"OUI";22/11/2018;13/03/2019;;;"OUI";"NON";9444052;"TAKHZYRO 300MG INJ FL2ML +NEC";"Dans les indications validées par le CHMP qui n’ont pas fait l’objet d’une autorisation temporaire d’utilisation :- il existe des alternatives thérapeutiques prises en charge par les régimes obligatoires de sécurité sociale dans""la prévention de routine des crises récurrentes d’angio-œdème héréditaire (AOH) de type I, II et III, chez les patients âgés de 12 ans et plus, lorsque les traitements indiqués dans la prévention de routine sont efficaces ou disponibles"", Dès lors, aucune prise en charge dérogatoire au titre du dispositif post-ATU n'est autorisée pour cette indication.- il n’existe pas d’alternative thérapeutique prise en charge par les régimes obligatoiresde sécurité sociale dans""la prévention de routine des crises récurrentes d’angio-œdème héréditaire (AOH) de type III, chez les patients âgés de 12 ans et plus, lorsque les traitements indiqués dans la prévention de routine sont inefficaces ou indisponibles"".";01/04/2019
"NXXXX00";"ROCHE SAS";"atezolizumab";"TECENTRIQ®  1200 mg, solution à diluer pour perfusion";"ATUn";"Sans objet : ATUn";"OUI";21/09/2017;20/12/2017;21/02/2019;"OUI";"NON";"OUI";9431262;"TECENTRIQ 1200MG PERF FL20ML";"TECENTRIQ  a été inscrit  par arrêté du 14 février 2019 sur la liste collectivités dans l'indication de son AMM :  traitement des patients adultes atteints d’un cancer bronchique non à petites cellules (CBNPC) localement avancé ou métastatique après une chimiothérapie antérieure, les patients avec mutations activatrices de l’EGFR devant également avoir reçu une thérapie ciblée. Dès lors, aucune prise en charge dérogatoire au titre du dispositif post-ATU n'est autorisée pour cette indication.";01/03/2019
"NXXXX00";"AKCEA THERAPEUTICS France";"Inotersen";"TEGSEDI®  284 mg solution injectable en seringue préremplie";"ATUn";"Sans objet : ATUn";"OUI";05/07/2018;07/01/2019;;;"NON";"NON";9439370;"TEGSEDI 284MG INJ SRG1,5ML";;01/03/2019
"CINOT01";"AKCEA THERAPEUTICS France";"Inotersen";"TEGSEDI®  284 mg solution injectable en seringue préremplie";"ATUC";"Chez les patients adultes atteints d’amylose à transthyrétine héréditaire (ATTRh), dans le traitement des polyneuropathies de stade I, après échec des autres traitements disponibles.";"OUI";05/07/2018;07/01/2019;;;"OUI";"NON";9439370;"TEGSEDI 284MG INJ SRG1,5ML";"L’indication de la spécialité TEGSEDI (inotersen), validée par le CHMP, qui n’a pas fait l’objet d’une autorisation temporaire d’utilisation est la suivante : « chez les patients adultes atteints d’amylose à transthyrétine héréditaire (ATTRh) dans le traitement des polyneuropathies de stade I, en première ligne ».Dans cette indication, la Haute Autorité de santé a identifié une alternative thérapeutique prise en charge par les régimes obligatoires de sécurité sociale.Cette alternative est mentionnée en annexe de  l'avisn° 2018.0028/AC/SEM du 18 juillet 2018 du collège de la Haute Autorité de santé. Dès lors, aucune prise en charge dérogatoire au titre du dispositif post-ATU n'est autorisée pour ces indications.";01/03/2019
"CINOT02";"AKCEA THERAPEUTICS France";"Inotersen";"TEGSEDI®  284 mg solution injectable en seringue préremplie";"ATUC";"Chez les patients adultes atteints d’amylose à transthyrétine héréditaire (ATTRh), dans le traitement des polyneuropathies de stade II.";"OUI";05/07/2018;07/01/2019;;;"OUI";"NON";9439370;"TEGSEDI 284MG INJ SRG1,5ML";"L’indication de la spécialité TEGSEDI (inotersen), validée par le CHMP, qui n’a pas fait l’objet d’une autorisation temporaire d’utilisation est la suivante : « chez les patients adultes atteints d’amylose à transthyrétine héréditaire (ATTRh) dans le traitement des polyneuropathies de stade I, en première ligne ».Dans cette indication, la Haute Autorité de santé a identifié une alternative thérapeutique prise en charge par les régimes obligatoires de sécurité sociale.Cette alternative est mentionnée en annexe de  l'avisn° 2018.0028/AC/SEM du 18 juillet 2018 du collège de la Haute Autorité de santé. Dès lors, aucune prise en charge dérogatoire au titre du dispositif post-ATU n'est autorisée pour ces indications.";01/03/2019
"NXXXX00";"ALFA WASSERMANN PHARMA";"rifaximine";"TIXTAR®  550 mg, comprimé pelliculé ";"ATUn";"Sans objet : ATUn";"OUI";25/02/2015;01/06/2015;;;"NON";"NON";"9407803";"TIXTAR 550MG CPR";;01/03/2019
"CRIFA01";"ALFA WASSERMANN PHARMA";"rifaximine";"TIXTAR®  550 mg, comprimé pelliculé ";"ATUC";"La prévention des rechutes d'épisodes avérés d'encéphalopathie hépatique chez les patients adultes en cas de mauvaise tolérance ou d’efficacité insuffisante d’un traitement par disaccharides (lactulose/lactilol).";"OUI";25/02/2015;01/06/2015;;;"OUI";"NON";"9407803";"TIXTAR 550MG CPR";"Les indications de l’autorisation de mise sur le marché de la spécialité TIXTAR 550 mg qui n’ont pas faitl’objet d’une autorisation temporaire d’utilisation de cohorte concernent la prévention des rechutesd’épisodes avérés d’encéphalopathie hépatique chez les patients adultes en cas de tolérance et d’efficacité suffisante d’un traitement par disaccharides (lactulose/lactilol).Pour ces patients, la HAS a identifié des thérapeutiques prises en charge par les régimes obligatoires desécurité sociale. Ces alternatives sont mentionnées en annexe de l'avis N° 2015.0030/AC/SEM du 11 mars 2015 du collège de la Haute Autorité de Santé. Dès lors, aucune prise en charge dérogatoire au titre du dispositif post-ATU n'est autorisée pour ces indications.";01/03/2019
"NXXXX00";"PTC THERAPEUTICS INTERNATIONAL LIMITED";"ataluren";"TRANSLARNA® 125 mg, granulés pour suspension buvable ";"ATUn";"Sans objet : ATUn";"OUI";31/07/2014;15/12/2014;;;"NON";"NON";9402763;"TRANSLARNA 125MG GLE BUV SAC";;01/03/2019
"CATAL01";"PTC THERAPEUTICS INTERNATIONAL LIMITED";"ataluren";"TRANSLARNA® 125 mg, granulés pour suspension buvable ";"ATUC";"Le traitement de la dystrophie musculaire de Duchenne, résultant d’une mutation non-sens dans le gène de la dystrophine, chez les patients ambulatoires âgés de 5 ans ou plus (voir rubrique 5.1). L’efficacité n’a pas été démontrée chez les patients non ambulatoires.La présence d’une mutation non-sens dans le gène de la dystrophine doit être déterminée par un test génétique";"OUI";31/07/2014;15/12/2014;;;"OUI";"NON";9402763;"TRANSLARNA 125MG GLE BUV SAC";;01/03/2019
"NXXXX00";"PTC THERAPEUTICS INTERNATIONAL LIMITED";"ataluren";"TRANSLARNA® 250 mg, granulés pour suspension buvable ";"ATUn";"Sans objet : ATUn";"OUI";31/07/2014;15/12/2014;;;"NON";"NON";9402786;"TRANSLARNA 250MG GLE BUV SAC";;01/03/2019
"CATAL01";"PTC THERAPEUTICS INTERNATIONAL LIMITED";"ataluren";"TRANSLARNA® 250 mg, granulés pour suspension buvable ";"ATUC";"Le traitement de la dystrophie musculaire de Duchenne, résultant d’une mutation non-sens dans le gène de la dystrophine, chez les patients ambulatoires âgés de 5 ans ou plus (voir rubrique 5.1). L’efficacité n’a pas été démontrée chez les patients non ambulatoires.La présence d’une mutation non-sens dans le gène de la dystrophine doit être déterminée par un test génétique";"OUI";31/07/2014;15/12/2014;;;"OUI";"NON";9402786;"TRANSLARNA 250MG GLE BUV SAC";;01/03/2019
"NXXXX00";"PTC THERAPEUTICS INTERNATIONAL LIMITED";"ataluren";"TRANSLARNA® 1000 mg, granulés pour suspension buvable ";"ATUn";"Sans objet : ATUn";"OUI";31/07/2014;15/12/2014;;;"NON";"NON";9402757;"TRANSLARNA 1000MG GLE BUV SA";;01/03/2019
"CATAL01";"PTC THERAPEUTICS INTERNATIONAL LIMITED";"ataluren";"TRANSLARNA® 1000 mg, granulés pour suspension buvable ";"ATUC";"Le traitement de la dystrophie musculaire de Duchenne, résultant d’une mutation non-sens dans le gène de la dystrophine, chez les patients ambulatoires âgés de 5 ans ou plus (voir rubrique 5.1). L’efficacité n’a pas été démontrée chez les patients non ambulatoires.La présence d’une mutation non-sens dans le gène de la dystrophine doit être déterminée par un test génétique";"OUI";31/07/2014;15/12/2014;;;"OUI";"NON";9402757;"TRANSLARNA 1000MG GLE BUV SA";;01/03/2019
"NXXXX00";"JANSSEN CILAG";"guselkumab";"TREMFYA® 100 mg solution injectable.";"ATUn";"Sans objet : ATUn";"OUI";10/11/2017;10/02/2018;01/02/2019;"OUI";"NON";"NON";9434160;"TREMFYA 100MG INJ SRG1ML";"Tremfya a été inscrit sur la liste collectivités par arrêté du 31 janvier 2019 dans le traitement du psoriasis en plaques de l’adulte, chez les patients ayant un psoriasis en plaques chronique sévère, défini par: – un échec (réponse insuffisante, contre-indication ou intolérance) à au moins deux traitements parmi les traitements systémiques non biologiques et la photothérapie; et une forme étendue et/ou un retentissement psychosocial important. Dès lors, aucune prise en charge dérogatoire au titre du dispositif post-ATU n'est autorisée pour cette indication.";01/04/2019
"NXXXX00";"GILEAD";"ténofovir alafénamide";"VEMLIDY® 25 mg, comprimé pelliculé";"ATUn";"Sans objet : ATUn";"OUI";09/01/2017;09/02/2017;;;"NON";"NON";9425379;"VEMLIDY 25MG CPR";;01/03/2019
"NXXXX00";"JAZZ Pharmaceutical France";" daunorubicine/cytarabine";"VYXEOS® 44mg/100mg, poudre pour solution à diluer pour perfusion";"ATUn";"Sans objet : ATUn";"OUI";22/08/2018;26/09/2018;;;"NON";"OUI";9440433;"VYXEOS 44MG/100MG PERF FL 1";;01/03/2019
"CDAUN01";"JAZZ Pharmaceutical France";" daunorubicine/cytarabine";"VYXEOS® 44mg/100mg, poudre pour solution à diluer pour perfusion";"ATUC";"Le traitement de première ligne des patients adultes présentant une leucémie aiguë myéloblastique (LAM) secondaire à un traitement (LAMt) ou une leucémie aiguë myéloblastique avec anomalies associées aux myélodysplasies (LAMm).";"OUI";22/08/2018;26/09/2018;;;"OUI";"OUI";9440433;"VYXEOS 44MG/100MG PERF FL 1";;01/03/2019
"NXXXX00";"BIOPROJET";" pitolisant";"WAKIX® 4,5 mg, comprimés pelliculés";"ATUn";"Sans objet : ATUn";"OUI";31/03/2016;01/06/2016;;;"NON";"NON";"9416707";"WAKIX 4,5MG CPR PELLIC";;01/03/2019
"CPITO01";"BIOPROJET";" pitolisant";"WAKIX® 4,5 mg, comprimés pelliculés";"ATUC";"Traitement de la narcolepsie avec ou sans cataplexie chez l’adulte en cas d’échec, intolérance ou contre-indications aux thérapeutiques actuellement disponibles.";"OUI";31/03/2016;01/06/2016;;;"OUI";"NON";"9416707";"WAKIX 4,5MG CPR PELLIC";"Dans l'indication de l'AMM qui n'a pas fait l'objet de l'ATU (traitement de la narcolepsie avec ou sans cataplexie chez l’adulte non en cas d’échec, intolérance ou contre-indications aux thérapeutiques actuellement disponibles), il existe des alternatives thérapeutiques prises en charge par les régimes obligatoires de sécurité sociale, il n'y a donc pas de prise en charge dérogatoire pour cette indication dans le cadre du dispositif post-ATU.";01/03/2019
"NXXXX00";"BIOPROJET";" pitolisant";"WAKIX® 18 mg, comprimés pelliculés";"ATUn";"Sans objet : ATUn";"OUI";31/03/2016;01/06/2016;;;"NON";"NON";"9416699";"WAKIX 18MG CPR PELLIC";;01/03/2019
"CPITO01";"BIOPROJET";" pitolisant";"WAKIX® 18 mg, comprimés pelliculés";"ATUC";"Traitement de la narcolepsie avec ou sans cataplexie chez l’adulte en cas d’échec, intolérance ou contre-indications aux thérapeutiques actuellement disponibles.";"OUI";31/03/2016;01/06/2016;;;"OUI";"NON";"9416699";"WAKIX 18MG CPR PELLIC";"Dans l'indication de l'AMM qui n'a pas fait l'objet de l'ATU (traitement de la narcolepsie avec ou sans cataplexie chez l’adulte non en cas d’échec, intolérance ou contre-indications aux thérapeutiques actuellement disponibles), il existe des alternatives thérapeutiques prises en charge par les régimes obligatoires de sécurité sociale, il n'y a donc pas de prise en charge dérogatoire pour cette indication dans le cadre du dispositif post-ATU.";01/03/2019
"NXXXX00";"GILEAD SCIENCES";"Axicabtagene ciloleucel";"YESCARTA®, 0,4 – 2 x 108 cellules dispersion pour perfusion.";"ATUn";"Sans objet : ATUn";"OUI";23/08/2018;31/12/2018;;;"NON";"OUI";9440456;"YESCARTA 0,4-2X100MN CELL POC";;01/03/2019
"CAXIC01";"GILEAD SCIENCES";"Axicabtagene ciloleucel";"YESCARTA®, 0,4 – 2 x 108 cellules dispersion pour perfusion.";"ATUC";"Traitement du lymphome B à grandes cellules chez les patients adultes en rechute ou réfractaire après au moins deux lignes de traitement";"OUI";23/08/2018;31/12/2018;;;"OUI";"OUI";9440456;"YESCARTA 0,4-2X100MN CELL POC";"Avis non publié au jour de la publication du présent tableau,";01/03/2019
"NXXXX00";"TESARO BIO FRANCE SAS";"niraparib tosylate monohydrate";"ZEJULA® 100 mg, gélules";"ATUn";"Sans objet : ATUn";"OUI";16/11/2017;19/03/2018;;;"NON";"NON";9431954;"ZEJULA 100MG GELU";;01/03/2019
"CNIRA01";"TESARO BIO FRANCE SAS";"niraparib tosylate monohydrate";"ZEJULA® 100 mg, gélules";"ATUC";"En monothérapie pour le traitement d’entretien des patientes adultes atteintes d’un cancer épithélial séreux de haut grade de l’ovaire, des trompes de Fallope ou péritonéal primitif, sans mutation du gène BRCA (germinale et somatique), récidivant et sensible au platine, qui sont en réponse (réponse complète ou partielle) à une chimiothérapie à base de platine et non éligibles au bevacizumab.La prescription de Niraparib doit être validée en Réunion de Concertation Pluridisciplinaire.";"OUI";16/11/2017;19/03/2018;;;"OUI";"NON";9431954;"ZEJULA 100MG GELU";"Les indications de la spécialité ZEJULA (niraparib), validées par le CHMP, qui n’ont pas fait l’objet d’une autorisation temporaire d’utilisation sont :− « En monothérapie pour le traitement d’entretien des patientes adultes atteintes d’un cancer épithélial séreux de haut grade de l’ovaire, des trompes de Fallope ou péritonéal primitif, sans mutation du gène BRCA (germinale et somatique), récidivant et sensible au platine, qui sont en réponse (réponse complète ou partielle) à une chimiothérapie à base de platine et éligibles au bevacizumab.− En monothérapie pour le traitement d’entretien des patientes adultes atteintes d’un cancer épithélial séreux de haut grade de l’ovaire, des trompes de Fallope ou péritonéal primitif, avec mutation du gène BRCA (germinale et somatique), récidivant et sensible au platine, qui sont en réponse (réponse complète ou partielle) à une chimiothérapie à base de platine et éligibles ou non au bevacizumab.»Dans ces indications, la Haute Autorité de santé a identifié des alternatives thérapeutiques prises en charge par les régimes obligatoires de sécurité sociale. Ces alternatives sont mentionnées en annexe du présent avis.Dès lors, aucune prise en charge dérogatoire au titre du dispositif post-ATU n'est autorisée pour ces indications.";01/03/2019
"NXXXX00";"GILEAD SCIENCES";"idélalisib";"ZYDELIG® 100 mg comprimés pelliculés";"ATUn";"Sans objet : ATUn";"OUI";18/09/2014;20/10/2014;;;"NON";"NON";9403478;"ZYDELIG 100MG CPR";;01/04/2019
"CIDEL01";"GILEAD SCIENCES";"idélalisib";"ZYDELIG® 100 mg comprimés pelliculés";"ATUC";"Les patients adultes en rechute ou en progression en deuxième ligne de traitement: En cas de rechute précoce (notamment survenant moins de 24 mois après une chimio-immunothérapie),";"NON";18/09/2014;20/10/2014;28/03/2019;"OUI";"OUI";"NON";9403478;"ZYDELIG 100MG CPR";"L'avis N° 2014.0101/AC/SEM du 8 octobre 2014 du Collège de la Haute Autorité de Santé précise que, dans la leucémie lymphoïde chronique, l’indication de l’autorisation de mise sur le marché de la spécialité ZYDELIG qui n’a pas fait l’objet d’une autorisation temporaire d’utilisation de cohorte concerne les patients adultes en rechute ou en progression en deuxième ligne de traitement.-En cas de rechute ou de progression tardive (au moins 12 à 24 mois après une monothérapie et au moins 24 à 36 mois après une chimio-immunothérapie), la HAS a identifié des alternatives thérapeutiques prises en charge par les régimes obligatoires de sécurité sociale ; ces alternatives sont mentionnées en annexe du présent avis. Dès lors, aucune prise en charge dérogatoire au titre du dispositif post-ATU n'est autorisée pour ces indications.-En cas de rechute précoce (notamment survenant moins de 24 mois après une chimio-immunothérapie), la HAS n’a pas identifié d’alternative thérapeutique prise en charge par les régimes obligatoires de la sécurité sociale.";01/04/2019
"CIDEL02";"GILEAD SCIENCES";"idélalisib";"ZYDELIG® 100 mg comprimés pelliculés";"ATUC";"En association avec le rituximab, pour le traitement de patients atteints de leucémie lymphoïde chronique (LLC) en rechute ou en progression après deux lignes de traitement, ";"NON";18/09/2014;20/10/2014;28/03/2019;"OUI";"OUI";"NON";9403478;"ZYDELIG 100MG CPR";"L'avis N° 2014.0101/AC/SEM du 8 octobre 2014 du Collège de la Haute Autorité de Santé précise que, dans la leucémie lymphoïde chronique, l’indication de l’autorisation de mise sur le marché de la spécialité ZYDELIG qui n’a pas fait l’objet d’une autorisation temporaire d’utilisation de cohorte concerne les patients adultes en rechute ou en progression en deuxième ligne de traitement.-En cas de rechute ou de progression tardive (au moins 12 à 24 mois après une monothérapie et au moins 24 à 36 mois après une chimio-immunothérapie), la HAS a identifié des alternatives thérapeutiques prises en charge par les régimes obligatoires de sécurité sociale ; ces alternatives sont mentionnées en annexe du présent avis. Dès lors, aucune prise en charge dérogatoire au titre du dispositif post-ATU n'est autorisée pour ces indications.-En cas de rechute précoce (notamment survenant moins de 24 mois après une chimio-immunothérapie), la HAS n’a pas identifié d’alternative thérapeutique prise en charge par les régimes obligatoires de la sécurité sociale.";01/04/2019
"CIDEL03";"GILEAD SCIENCES";"idélalisib";"ZYDELIG® 100 mg comprimés pelliculés";"ATUC";"En association avec le rituximab, pour le traitement de patients atteints de leucémie lymphoïde chronique (LLC) en 1ère ligne de traitement chez les patients présentant une délétion 17p ou une mutation TP53 et pour lesquels une chimio-immunothérapie n’est pas appropriée.";"NON";18/09/2014;20/10/2014;28/03/2019;"OUI";"OUI";"NON";9403478;"ZYDELIG 100MG CPR";"L'avis N° 2014.0101/AC/SEM du 8 octobre 2014 du Collège de la Haute Autorité de Santé précise que, dans la leucémie lymphoïde chronique, l’indication de l’autorisation de mise sur le marché de la spécialité ZYDELIG qui n’a pas fait l’objet d’une autorisation temporaire d’utilisation de cohorte concerne les patients adultes en rechute ou en progression en deuxième ligne de traitement.-En cas de rechute ou de progression tardive (au moins 12 à 24 mois après une monothérapie et au moins 24 à 36 mois après une chimio-immunothérapie), la HAS a identifié des alternatives thérapeutiques prises en charge par les régimes obligatoires de sécurité sociale ; ces alternatives sont mentionnées en annexe du présent avis. Dès lors, aucune prise en charge dérogatoire au titre du dispositif post-ATU n'est autorisée pour ces indications.-En cas de rechute précoce (notamment survenant moins de 24 mois après une chimio-immunothérapie), la HAS n’a pas identifié d’alternative thérapeutique prise en charge par les régimes obligatoires de la sécurité sociale.";01/04/2019
"CIDEL04";"GILEAD SCIENCES";"idélalisib";"ZYDELIG® 100 mg comprimés pelliculés";"ATUC";"Le traitement de patients atteints de lymphome non hodgkinien indolent (LNHi) réfractaire après deux lignes de traitement (ayant comporté rituximab et un alkylant).";"OUI";18/09/2014;20/10/2014;;;"OUI";"NON";9403478;"ZYDELIG 100MG CPR";"L'avis N° 2014.0101/AC/SEM du 8 octobre 2014 du Collège de la Haute Autorité de Santé précise que, dans la leucémie lymphoïde chronique, l’indication de l’autorisation de mise sur le marché de la spécialité ZYDELIG qui n’a pas fait l’objet d’une autorisation temporaire d’utilisation de cohorte concerne les patients adultes en rechute ou en progression en deuxième ligne de traitement.-En cas de rechute ou de progression tardive (au moins 12 à 24 mois après une monothérapie et au moins 24 à 36 mois après une chimio-immunothérapie), la HAS a identifié des alternatives thérapeutiques prises en charge par les régimes obligatoires de sécurité sociale ; ces alternatives sont mentionnées en annexe du présent avis. Dès lors, aucune prise en charge dérogatoire au titre du dispositif post-ATU n'est autorisée pour ces indications.-En cas de rechute précoce (notamment survenant moins de 24 mois après une chimio-immunothérapie), la HAS n’a pas identifié d’alternative thérapeutique prise en charge par les régimes obligatoires de la sécurité sociale.";01/04/2019
"NXXXX00";"GILEAD SCIENCES";"idélalisib";"ZYDELIG® 150 mg comprimés pelliculés";"ATUn";"Sans objet : ATUn";"OUI";18/09/2014;20/10/2014;;;"NON";"NON";9403484;"ZYDELIG 150MG CPR";;01/04/2019
"CIDEL01";"GILEAD SCIENCES";"idélalisib";"ZYDELIG® 150 mg comprimés pelliculés";"ATUC";"Les patients adultes en rechute ou en progression en deuxième ligne de traitement: En cas de rechute précoce (notamment survenant moins de 24 mois après une chimio-immunothérapie),";"NON";18/09/2014;20/10/2014;28/03/2019;"OUI";"OUI";"NON";9403484;"ZYDELIG 150MG CPR";"L'avis N° 2014.0101/AC/SEM du 8 octobre 2014 du Collège de la Haute Autorité de Santé précise que, dans la leucémie lymphoïde chronique, l’indication de l’autorisation de mise sur le marché de la spécialité ZYDELIG qui n’a pas fait l’objet d’une autorisation temporaire d’utilisation de cohorte concerne les patients adultes en rechute ou en progression en deuxième ligne de traitement.-En cas de rechute ou de progression tardive (au moins 12 à 24 mois après une monothérapie et au moins 24 à 36 mois après une chimio-immunothérapie), la HAS a identifié des alternatives thérapeutiques prises en charge par les régimes obligatoires de sécurité sociale ; ces alternatives sont mentionnées en annexe du présent avis. Dès lors, aucune prise en charge dérogatoire au titre du dispositif post-ATU n'est autorisée pour ces indications.-En cas de rechute précoce (notamment survenant moins de 24 mois après une chimio-immunothérapie), la HAS n’a pas identifié d’alternative thérapeutique prise en charge par les régimes obligatoires de la sécurité sociale.";01/04/2019
"CIDEL02";"GILEAD SCIENCES";"idélalisib";"ZYDELIG® 150 mg comprimés pelliculés";"ATUC";"En association avec le rituximab, pour le traitement de patients atteints de leucémie lymphoïde chronique (LLC) en rechute ou en progression après deux lignes de traitement, ";"NON";18/09/2014;20/10/2014;28/03/2019;"OUI";"OUI";"NON";9403484;"ZYDELIG 150MG CPR";"L'avis N° 2014.0101/AC/SEM du 8 octobre 2014 du Collège de la Haute Autorité de Santé précise que, dans la leucémie lymphoïde chronique, l’indication de l’autorisation de mise sur le marché de la spécialité ZYDELIG qui n’a pas fait l’objet d’une autorisation temporaire d’utilisation de cohorte concerne les patients adultes en rechute ou en progression en deuxième ligne de traitement.-En cas de rechute ou de progression tardive (au moins 12 à 24 mois après une monothérapie et au moins 24 à 36 mois après une chimio-immunothérapie), la HAS a identifié des alternatives thérapeutiques prises en charge par les régimes obligatoires de sécurité sociale ; ces alternatives sont mentionnées en annexe du présent avis. Dès lors, aucune prise en charge dérogatoire au titre du dispositif post-ATU n'est autorisée pour ces indications.-En cas de rechute précoce (notamment survenant moins de 24 mois après une chimio-immunothérapie), la HAS n’a pas identifié d’alternative thérapeutique prise en charge par les régimes obligatoires de la sécurité sociale.";01/04/2019
"CIDEL03";"GILEAD SCIENCES";"idélalisib";"ZYDELIG® 150 mg comprimés pelliculés";"ATUC";"En association avec le rituximab, pour le traitement de patients atteints de leucémie lymphoïde chronique (LLC) en 1ère ligne de traitement chez les patients présentant une délétion 17p ou une mutation TP53 et pour lesquels une chimio-immunothérapie n’est pas appropriée.";"NON";18/09/2014;20/10/2014;28/03/2019;"OUI";"OUI";"NON";9403484;"ZYDELIG 150MG CPR";"L'avis N° 2014.0101/AC/SEM du 8 octobre 2014 du Collège de la Haute Autorité de Santé précise que, dans la leucémie lymphoïde chronique, l’indication de l’autorisation de mise sur le marché de la spécialité ZYDELIG qui n’a pas fait l’objet d’une autorisation temporaire d’utilisation de cohorte concerne les patients adultes en rechute ou en progression en deuxième ligne de traitement.-En cas de rechute ou de progression tardive (au moins 12 à 24 mois après une monothérapie et au moins 24 à 36 mois après une chimio-immunothérapie), la HAS a identifié des alternatives thérapeutiques prises en charge par les régimes obligatoires de sécurité sociale ; ces alternatives sont mentionnées en annexe du présent avis. Dès lors, aucune prise en charge dérogatoire au titre du dispositif post-ATU n'est autorisée pour ces indications.-En cas de rechute précoce (notamment survenant moins de 24 mois après une chimio-immunothérapie), la HAS n’a pas identifié d’alternative thérapeutique prise en charge par les régimes obligatoires de la sécurité sociale.";01/04/2019
"CIDEL04";"GILEAD SCIENCES";"idélalisib";"ZYDELIG® 150 mg comprimés pelliculés";"ATUC";"Le traitement de patients atteints de lymphome non hodgkinien indolent (LNHi) réfractaire après deux lignes de traitement (ayant comporté rituximab et un alkylant).";"OUI";18/09/2014;20/10/2014;;;"OUI";"NON";9403484;"ZYDELIG 150MG CPR";"L'avis N° 2014.0101/AC/SEM du 8 octobre 2014 du Collège de la Haute Autorité de Santé précise que, dans la leucémie lymphoïde chronique, l’indication de l’autorisation de mise sur le marché de la spécialité ZYDELIG qui n’a pas fait l’objet d’une autorisation temporaire d’utilisation de cohorte concerne les patients adultes en rechute ou en progression en deuxième ligne de traitement.-En cas de rechute ou de progression tardive (au moins 12 à 24 mois après une monothérapie et au moins 24 à 36 mois après une chimio-immunothérapie), la HAS a identifié des alternatives thérapeutiques prises en charge par les régimes obligatoires de sécurité sociale ; ces alternatives sont mentionnées en annexe du présent avis. Dès lors, aucune prise en charge dérogatoire au titre du dispositif post-ATU n'est autorisée pour ces indications.-En cas de rechute précoce (notamment survenant moins de 24 mois après une chimio-immunothérapie), la HAS n’a pas identifié d’alternative thérapeutique prise en charge par les régimes obligatoires de la sécurité sociale.";01/04/2019
