Code indication;Laboratoire titulaire de l'AMM;Dénomination Commune Internationale;Nom, dosage, forme pharmaceutique de la spécialité;Statut antérieur du médicament;Indications dont a bénéficié le médicament au titre de son ATU de cohorte (ATUC) ou de ses ATU nominatives (ATUn);"Prise en charge au titre du post-ATU";Date d'octroi de l'AMM;"Date de début de prise en charge au titre du Post-ATU";"Date de fin de prise en charge au titre du Post-ATU";Inscription au remboursement;Indication de l'ATU ayant fait l'objet d'une évaluation défavorable au titre de l'AMM;Extension d'indication en cours d'évaluation au titre de l'AMM ayant fait l'objet d'ATU;Possibilité d'initier de nouveaux traitements;Conclusion de l'avis de la HAS sur l'identification d'alternatives thérapeutiques prises en charge;Classement en réserve hospitalière au titre de l'AMM;UCD 7au titre de l'ATUn;UCD 7au titre de l'ATUC;UCD 7au titre de l'AMM;Libellé du code UCD 7au titre de l'AMM;Observations;Date de dernière mise à jour 
;BAYER HEALTHCARE SAS;riociguat;ADEMPAS® 0,5 mg comprimés pelliculés;ATUC;Hypertension pulmonaire thromboembolique chronique (HTP-TEC)Riociguat est indiqué chez les patients adultes en classe fonctionnelle OMS II à III présentant· une HTP-TEC inopérable,· une HTP-TEC persistante ou récurrente après traitement chirurgical,dans le but d’améliorer la capacité à l’effort;NON;27/03/2014;19/05/2014;15/01/2015;OUI;NON;NON;OUI;"L’indication de l’autorisation de mise sur le marché des spécialités ADEMPAS qui n’a pas fait l’objet d’une autorisation temporaire d’utilisation de cohorte concerne les patients avec une hypertension artérielle pulmonaire en monothérapie ou en association aux antagonistes de l’endothéline, chez les patients en classe fonctionnelle II et III (classification OMS) pour améliorer la capacité à l’effort.Pour cette indication, en monothérapie, la HAS a identifié des alternatives thérapeutiques prises en charge par les régimes obligatoires de la sécurité sociale ; ces alternatives sont mentionnées en annexe de l'avis de la HAS (Avis n°2014.0009/SEM du 5 mars 2014).Pour cette indication, en association avec les antagonistes de l’endothéline, la HAS n’a pas identifié d’alternative thérapeutique prise en charge par les régimes obligatoires de la sécurité sociale.";NON;;9399274;9400540;ADEMPAS 0,5MG CPR;LE DISPOSITIF POST ATU EST ARRETE.;
;BAYER HEALTHCARE SAS;riociguat;ADEMPAS® 1 mg comprimés pelliculés;ATUC;Hypertension pulmonaire thromboembolique chronique (HTP-TEC)Riociguat est indiqué chez les patients adultes en classe fonctionnelle OMS II à III présentant· une HTP-TEC inopérable,· une HTP-TEC persistante ou récurrente après traitement chirurgical,dans le but d’améliorer la capacité à l’effort;NON;27/03/2014;19/05/2014;15/01/2015;OUI;NON;NON;OUI;"L’indication de l’autorisation de mise sur le marché des spécialités ADEMPAS qui n’a pas fait l’objet d’une autorisation temporaire d’utilisation de cohorte concerne les patients avec une hypertension artérielle pulmonaire en monothérapie ou en association aux antagonistes de l’endothéline, chez les patients en classe fonctionnelle II et III (classification OMS) pour améliorer la capacité à l’effort.Pour cette indication, en monothérapie, la HAS a identifié des alternatives thérapeutiques prises en charge par les régimes obligatoires de la sécurité sociale ; ces alternatives sont mentionnées en annexe de l'avis de la HAS (Avis n°2014.0009/SEM du 5 mars 2014).Pour cette indication, en association avec les antagonistes de l’endothéline, la HAS n’a pas identifié d’alternative thérapeutique prise en charge par les régimes obligatoires de la sécurité sociale.";NON;;9399280;9400563;ADEMPAS 1MG CPR;LE DISPOSITIF POST ATU EST ARRETE.;
;BAYER HEALTHCARE SAS;riociguat;ADEMPAS® 1,5 mg comprimés pelliculés;ATUC;Hypertension pulmonaire thromboembolique chronique (HTP-TEC)Riociguat est indiqué chez les patients adultes en classe fonctionnelle OMS II à III présentant· une HTP-TEC inopérable,· une HTP-TEC persistante ou récurrente après traitement chirurgical,dans le but d’améliorer la capacité à l’effort;NON;27/03/2014;19/05/2014;15/01/2015;OUI;NON;NON;OUI;"L’indication de l’autorisation de mise sur le marché des spécialités ADEMPAS qui n’a pas fait l’objet d’une autorisation temporaire d’utilisation de cohorte concerne les patients avec une hypertension artérielle pulmonaire en monothérapie ou en association aux antagonistes de l’endothéline, chez les patients en classe fonctionnelle II et III (classification OMS) pour améliorer la capacité à l’effort.Pour cette indication, en monothérapie, la HAS a identifié des alternatives thérapeutiques prises en charge par les régimes obligatoires de la sécurité sociale ; ces alternatives sont mentionnées en annexe de l'avis de la HAS (Avis n°2014.0009/SEM du 5 mars 2014).Pour cette indication, en association avec les antagonistes de l’endothéline, la HAS n’a pas identifié d’alternative thérapeutique prise en charge par les régimes obligatoires de la sécurité sociale.";NON;;9399647;9400557;ADEMPAS 1,5MG CPR;LE DISPOSITIF POST ATU EST ARRETE.;
;BAYER HEALTHCARE SAS;riociguat;ADEMPAS® 2 mg comprimés pelliculés;ATUC;Hypertension pulmonaire thromboembolique chronique (HTP-TEC)Riociguat est indiqué chez les patients adultes en classe fonctionnelle OMS II à III présentant· une HTP-TEC inopérable,· une HTP-TEC persistante ou récurrente après traitement chirurgical,dans le but d’améliorer la capacité à l’effort;NON;27/03/2014;19/05/2014;15/01/2015;OUI;NON;NON;OUI;"L’indication de l’autorisation de mise sur le marché des spécialités ADEMPAS qui n’a pas fait l’objet d’une autorisation temporaire d’utilisation de cohorte concerne les patients avec une hypertension artérielle pulmonaire en monothérapie ou en association aux antagonistes de l’endothéline, chez les patients en classe fonctionnelle II et III (classification OMS) pour améliorer la capacité à l’effort.Pour cette indication, en monothérapie, la HAS a identifié des alternatives thérapeutiques prises en charge par les régimes obligatoires de la sécurité sociale ; ces alternatives sont mentionnées en annexe de l'avis de la HAS (Avis n°2014.0009/SEM du 5 mars 2014).Pour cette indication, en association avec les antagonistes de l’endothéline, la HAS n’a pas identifié d’alternative thérapeutique prise en charge par les régimes obligatoires de la sécurité sociale.";NON;;9399676;9400592;ADEMPAS 2MG CPR;LE DISPOSITIF POST ATU EST ARRETE.;
;BAYER HEALTHCARE SAS;riociguat;ADEMPAS® 2,5 mg comprimés pelliculés;ATUC;Hypertension pulmonaire thromboembolique chronique (HTP-TEC)Riociguat est indiqué chez les patients adultes en classe fonctionnelle OMS II à III présentant· une HTP-TEC inopérable,· une HTP-TEC persistante ou récurrente après traitement chirurgical,dans le but d’améliorer la capacité à l’effort;NON;27/03/2014;19/05/2014;15/01/2015;OUI;NON;NON;OUI;"L’indication de l’autorisation de mise sur le marché des spécialités ADEMPAS qui n’a pas fait l’objet d’une autorisation temporaire d’utilisation de cohorte concerne les patients avec une hypertension artérielle pulmonaire en monothérapie ou en association aux antagonistes de l’endothéline, chez les patients en classe fonctionnelle II et III (classification OMS) pour améliorer la capacité à l’effort.Pour cette indication, en monothérapie, la HAS a identifié des alternatives thérapeutiques prises en charge par les régimes obligatoires de la sécurité sociale ; ces alternatives sont mentionnées en annexe de l'avis de la HAS (Avis n°2014.0009/SEM du 5 mars 2014).Pour cette indication, en association avec les antagonistes de l’endothéline, la HAS n’a pas identifié d’alternative thérapeutique prise en charge par les régimes obligatoires de la sécurité sociale.";NON;;9399653;9400586;ADEMPAS 2,5MG CPR;LE DISPOSITIF POST ATU EST ARRETE.;
;PFIZER;inotuzumab ozogamicine;BESPONSA®  1 mg, poudre pour solution à diluer pour perfusion;ATUC;Traitement de la leucémie aigue lymphoblastique (LAL) à précurseur B chez l’adulte éligible à une allogreffe de cellules souches hématopoïétiques, pour les patients en rechute ou réfractaire ou inéligible à l’ensemble des traitements disponibles autorisés notamment le blinatumomab et les inhibiteurs de tyrosine kinase.;NON;29/06/2017;29/09/2017;16/03/2018;OUI;NON;NON;OUI;L’indication de la spécialité BESPONSA (inotozumab ozogamicin), validée par le CHMP, qui n’a pas fait l’objet d’une autorisation temporaire d’utilisation correspond au « traitement de la leucémie aiguë lymphoblastique (LAL) à précurseur B, CD22+, chez l’adulte en rechute ou réfractaire et inéligible à une allogreffe de cellules souches. »Dans cette indication, la Haute Autorité de santé a identifié des alternatives thérapeutiques prises en charge par les régimes obligatoires de sécurité sociale. Ces alternatives sont mentionnées en annexe de l'avis n° 2017.0063/AC/SEM du 21 juin 2017 du collège de la Haute Autorité de santé,;OUI;9416765;9425184;9428053;BESPONSA 1MG  PERF FL;LE DISPOSITIF POST ATU EST ARRETE.;
;AMGEN;blinatumomab;BLINCYTO® 38,5 microgrammes, poudre pour solution à diluer et solution pour solution pour perfusion;ATUC;Blincyto est indiqué dans :- le traitement des patients adultes présentant une leucémie aiguë lymphoblastique (LAL) à précurseurs B en rémission hématologique complète, définie par un taux de blastes médullaires inférieur ou égal à  5 % après au moins trois cycles de chimiothérapie intensive, et avec présence d’une maladie résiduelle minimale (MRD) à un taux supérieur ou égal à 10‑4 .- le traitement des patients adultes présentant une leucémie aiguë lymphoblastique (LAL) à précurseurs B avec chromosome Philadelphie négatif en rechute ou réfractaire.;NON;23/11/2015;01/03/2016;06/05/2017;OUI;NON;OUI Traitement des patients adultes présentant une leucémie aiguë lymphoblastique (LAL) à précurseurs B avec chromosome Philadelphie négatif en rechute ou réfractaire.;OUI;L’indication validée par le CHMP chez les patients ayant une LAL en rechute ou réfractaire est identique à l’une des indications définie dans l’ATU de cohorte de la spécialité BLINCYTO (AVIS N° 2015.0101/AC/SEM du 18 novembre 2015 du collège de la Haute Autorité de Santé),Par conséquent, cette indication n’entre pas dans le cadre du 2° du I de l’article L. 162-16-5-2 du code de lasécurité sociale qui concerne uniquement les indications mentionnées dans l’AMM et n’ayant pas fait l’objetd’une ATU. Il n’y a donc pas lieu d’identifier, pour cette spécialité, des alternatives thérapeutiques prises en charge par les régimes obligatoires de sécurité sociale.L’indication définie dans l’ATU de cohorte qui correspond à une autre population, celle des patients ayant une LAL à précurseurs B en rémission hématologique complète et avec présence d’une maladie résiduelle minimale (MRD), n’a pas fait l’objet d’une demande d’AMM à ce jour. Par conséquent, elle n’entre pas dans le cadre du 2° du I de l’article L. 162-16-5-2 du code de la sécurité sociale. Il n’y a donc pas lieu d’identifier des alternatives thérapeutiques prises en charge par les régimes obligatoires de sécurité sociale dans cette indication.;OUI;;9405997ATU nominatives9412129ATU de cohorte;9412129;BLINCYTO 38,5MCG PERF F+F10ML;LE DISPOSITIF POST ATU EST ARRETE.;
;IPSEN;cabozantinib;CABOMETYX®  20 mg, comprimé pelliculé;ATUC;CABOMETYX est indiqué en monothérapie pour le traitement des patients adultes :atteints d’un carcinome à cellules rénales (CCR) de stade avancé en progression,traités antérieurement par au moins un Inhibiteur de la Tyrosine Kinase ciblé VEGF,et une autre ligne de traitement sauf pour les patients chez lesquels aucune alternative thérapeutique n'est adaptée aux besoins cliniques.;NON;09/09/2016;09/12/2016;16/02/2018;OUI;NON;NON;OUI;L’indication de l’autorisation de mise sur le marché des spécialités CABOMETYX 20 mg, 40 mg et 60 mg (cabozantinib) qui n’a pas fait l’objet d’une autorisation temporaire d’utilisation de cohorte est le traitement de 2ème ligne du carcinome à cellules rénales (CCR) au stade avancé.Dans cette indication, la Haute Autorité de santé a identifié des alternatives thérapeutiques prises en charge par les régimes obligatoires de sécurité sociale. Ces alternatives sont mentionnées en annexe de l'avis n°2016.0057/AC/SEM du 7 septembre 2016 du collège de la Haute Autorité de santé .Cette indication ne bénéficie donc pas du dispositif post-ATU.;NON;;9420005;9420005;CABOMETYX 20MG CPR;LE DISPOSITIF POST ATU EST ARRETE.;
;IPSEN;cabozantinib;CABOMETYX®  40 mg, comprimé pelliculé;ATUC;CABOMETYX est indiqué en monothérapie pour le traitement des patients adultes :atteints d’un carcinome à cellules rénales (CCR) de stade avancé en progression,traités antérieurement par au moins un Inhibiteur de la Tyrosine Kinase ciblé VEGF,et une autre ligne de traitement sauf pour les patients chez lesquels aucune alternative thérapeutique n'est adaptée aux besoins cliniques.;NON;09/09/2016;09/12/2016;16/02/2018;OUI;NON;NON;OUI;L’indication de l’autorisation de mise sur le marché des spécialités CABOMETYX 20 mg, 40 mg et 60 mg (cabozantinib) qui n’a pas fait l’objet d’une autorisation temporaire d’utilisation de cohorte est le traitement de 2ème ligne du carcinome à cellules rénales (CCR) au stade avancé.Dans cette indication, la Haute Autorité de santé a identifié des alternatives thérapeutiques prises en charge par les régimes obligatoires de sécurité sociale. Ces alternatives sont mentionnées en annexe de l'avis n°2016.0057/AC/SEM du 7 septembre 2016 du collège de la Haute Autorité de santé .Cette indication ne bénéficie donc pas du dispositif post-ATU.;NON;;9420005;9420005;CABOMETYX 20MG CPR;LE DISPOSITIF POST ATU EST ARRETE.;
;IPSEN;cabozantinib;CABOMETYX®  60 mg, comprimé pelliculé;ATUC;CABOMETYX est indiqué en monothérapie pour le traitement des patients adultes :atteints d’un carcinome à cellules rénales (CCR) de stade avancé en progression,traités antérieurement par au moins un Inhibiteur de la Tyrosine Kinase ciblé VEGF,et une autre ligne de traitement sauf pour les patients chez lesquels aucune alternative thérapeutique n'est adaptée aux besoins cliniques.;NON;09/09/2016;09/12/2016;16/02/2018;OUI;NON;NON;OUI;L’indication de l’autorisation de mise sur le marché des spécialités CABOMETYX 20 mg, 40 mg et 60 mg (cabozantinib) qui n’a pas fait l’objet d’une autorisation temporaire d’utilisation de cohorte est le traitement de 2ème ligne du carcinome à cellules rénales (CCR) au stade avancé.Dans cette indication, la Haute Autorité de santé a identifié des alternatives thérapeutiques prises en charge par les régimes obligatoires de sécurité sociale. Ces alternatives sont mentionnées en annexe de l'avis n°2016.0057/AC/SEM du 7 septembre 2016 du collège de la Haute Autorité de santé .Cette indication ne bénéficie donc pas du dispositif post-ATU.;NON;;9420028;9420028;CABOMETYX 60MG CPR;LE DISPOSITIF POST ATU EST ARRETE.;
;GENZYME EUROPE BV;éliglustat;CERDELGA® 84 mg, gélule ;ATUC;Cerdelga est indiqué pour le traitement à long terme des patients adultes atteints de la maladie de Gaucher de type 1 (MG1), métaboliseurs intermédiaires (MIs) ou métaboliseurs rapides (MRs) du cytochrome 2D6 (CYP2D6). Il est indiqué en cas de contre-indication, d’intolérance, ou d’échec avec les traitements disponibles.;NON;19/01/2015;05/06/2015;10/11/2016;OUI;NON;NON;OUI;L’indication validée par l’AMM mais non comprise dans les indications définies dans l’ATU de cohorte est la suivante : Traitement à long terme des patients adultes atteints de la maladie de Gaucher de type 1 (MG1), qui sont métaboliseurs lents (MLs) du cytochrome 2D6 (CYP2D6).Dans cette indication, la HAS a identifié plusieurs alternatives thérapeutiques prise en charge par les régimes obligatoires de la sécurité sociale. Ces alternatives sont mentionnées en annexe de l'avis AVIS N° 2015.0050/AC/SEM du 10 juin 2015 du collège de la Haute Autorité de Santé;NON;;9405566;9405566;CERDELGA 84MG GELU;LE DISPOSITIF POST ATU EST ARRETE.;
;ROCHE SAS;cobimetinib;COTELLIC®  20 mg, comprimés pelliculés;ATUC;Le médicament indiqué en association au vemurafenib (Zelboraf®) dans le traitement en 1ère ligne des patients adultes, atteints d’un mélanome non résécable (stade III) ou métastatique (stade IV) porteur d’une mutation BRAF V600, ayant un indice de performance ECOG de 0 ou 1 et ne pouvant être inclus dans un essai clinique actuellement en cours, associant un anti-MEK et un anti-BRAF.;NON;20/11/2015;04/01/2016;17/02/2017;OUI;NON;NON;OUI;Les indications non définies dans l’ATU de cohorte mais incluses dans le libellé d’indication validé par leCHMP sont :- traitement en 1ère ligne des patients adultes, atteints d’un mélanome non resécable (stade III) oumétastatique (stade IV) porteurs d’une mutation BRAF V600, ayant un indice ECOG ≥ 2.- traitement à partir de la 2ème ligne des patients adultes, atteints d’un mélanome non resécable (stadeIII) ou métastatique (stade IV) porteurs d’une mutation BRAF V600.Dans ces indications, il existe des alternatives thérapeutiques prises en charge par les régimes obligatoiresde sécurité sociale. Ces alternatives sont mentionnées en annexe de l'avis N° 2015.0102/AC/SEM du 18 novembre 2015 du collège de la HauteAutorité de Santé.;NON;;9407476;9412454;COTELLIC 20MG CPR;LE DISPOSITIF POST ATU EST ARRETE.;
;ABBOTT PRODUCTS SAS;pancréatine;CREON® 5000 U, granulés gastro-résistants ;ATUn;Traitement de l'insuffisance pancréatique exocrine du nourrisson et de l'enfant, notamment au cours de la mucoviscidose;NON;24/06/2014;22/09/2014;23/09/2015;OUI;NON;NON;NON;Sans objet : l'indication des ATU nominatives et de l'AMM est identique;NON;;9321409;9402823;CREON 5000U GLE;LE DISPOSITIF POST ATU EST ARRETE.;
;BASILEA MEDICA LTD C/O COX COSTELLO & HORNE LIMITED;isavuconazole;CRESEMBA® 100 mg, gélule;ATUn;Sans objet : ATUn;NON;15/10/2015;31/05/2016;28/01/2017;OUI;NON;NON;NON;Sans objet : ATUn;NON;;9407588;9416995;CRESEMBA 100MG GELU;LE DISPOSITIF POST ATU EST ARRETE.;
;BASILEA MEDICA LTD C/O COX COSTELLO & HORNE LIMITED;isavuconazole;CRESEMBA® 200 mg, poudre pour solution à diluer pour perfusion;ATUn;Sans objet : ATUn;NON;15/10/2015;31/05/2016;28/01/2017;OUI;NON;NON;NON;Sans objet : ATUn;NON;;9407594;9417003;CRESEMBA 200MG INJ FL;LE DISPOSITIF POST ATU EST ARRETE.;
;ELI LILLY;ramucirumab;CYRAMZA® 10 mg/ml, solution à diluer pour perfusion;ATUC;Cyramza (ramucirumab), en association avec le paclitaxel, est indiqué pour le traitement des patients adultes atteints d’un adénocarcinome gastrique ou de la jonction gastro-œsophagienne, localement avancé non résécable ou métastatique, dont la maladie a progressé après une chimiothérapie à base de sels de platine et de fluoropyrimidine, et après un traitement par Herceptin en cas de surexpression HER2 de la tumeur, et présentant un performance status ECOG de 0 ou 1,;NON;19/12/2014;19/03/2015;08/07/2016;OUI;NON;NON;OUI;L’indication non définie dans l’ATU de cohorte mais incluse dans le libellé validé par le CHMP correspond à l’utilisation de CYRAMZA en monothérapie chez les patients adultes atteints d’un adénocarcinome gastrique ou de la jonction gastro-oesophagienne, localement avancé non resécable ou métastatique, dont la maladie a progressé après chimiothérapie à base de sels de platine et de fluoropyrimidine, chez lesquels l’association au paclitaxel n’est pas appropriée.Pour cette indication, la HAS n’a pas identifié d’alternative thérapeutique prise en charge par les régimesobligatoires de la sécurité sociale.Pour information, les recommandations françaises (TNCD) européennes (ESMO 2013) et américaines (NCCN 2014) préconisent principalement dans cette situation une monothérapie par docétaxel, paclitaxel ou irinotécan ou une association type FOLFIRI (cf N° 2014.0116/AC/SEM du 17 décembre 2014 du Collège de la Haute Autorité de Santé);OUI;;9403194;9405572,9405589;CYRAMZA 10MG/ML PERF FL10MLCYRAMZA 10MG/ML PERF FL50ML;LE DISPOSITIF POST ATU EST ARRETE.;
;BRISTOL-MYERS SQUIBB;daclatasvir.;DAKLINZA® 30 mg comprimés pelliculés;ATUC;Traitement de patients adultes atteints d’infection virale C chronique :Présentant une maladie à un stade avancé (avec fibrose hépatique F3/F4 ou présentant des manifestations extra-hépatiques du VHC) et pour lesquels il n’existe pas d’alternatives thérapeutiques appropriéesou Sont sur liste d’attente pour une transplantation hépatique ou rénaleou Ont subi une transplantation hépatique et présentent une récurrence de l’infection par le virus de l’hépatite C. Pour l’activité en fonction du génotype du virus de l’hépatite C (VHC), voir rubriques 4.4 et 5.1 du RCP.;NON;22/08/2014;27/10/2014;22/05/2015;OUI;NON;NON;OUI;Il existe des alternatives thérapeutiques prises en charge par les régimes obligatoires de sécurité sociale dans les indications non définies dans l’ATU de cohorte mais incluses dans le libellé d’indication validé par le CHMP de la spécialité DAKLINZA (cf avis N° 2014.0080/AC/SEM du 23 juillet 2014 du Collège de la Haute Autorité de Santé et son annexe);NON;;9399742;9402846;DAKLINZA 30MG CPR PELLIC;LE DISPOSITIF POST ATU EST ARRETE.;
;BRISTOL-MYERS SQUIBB;daclatasvir;DAKLINZA® 60 mg comprimés pelliculés;ATUC;Traitement de patients adultes atteints d’infection virale C chronique :Présentant une maladie à un stade avancé (avec fibrose hépatique F3/F4 ou présentant des manifestations extra-hépatiques du VHC) et pour lesquels il n’existe pas d’alternatives thérapeutiques appropriéesou Sont sur liste d’attente pour une transplantation hépatique ou rénaleou Ont subi une transplantation hépatique et présentent une récurrence de l’infection par le virus de l’hépatite C. Pour l’activité en fonction du génotype du virus de l’hépatite C (VHC), voir rubriques 4.4 et 5.1 du RCP.;NON;22/08/2014;27/10/2014;22/05/2015;OUI;NON;NON;OUI;Il existe des alternatives thérapeutiques prises en charge par les régimes obligatoires de sécurité sociale dans les indications non définies dans l’ATU de cohorte mais incluses dans le libellé d’indication validé par le CHMP de la spécialité DAKLINZA (cf avis N° 2014.0080/AC/SEM du 23 juillet 2014 du Collège de la Haute Autorité de Santé et son annexe);NON;;9399759;9402852;DAKLINZA 60MG CPR PELLIC;LE DISPOSITIF POST ATU EST ARRETE.;
;GENTIUM;défibrotide;DEFITELIO® 80 mg/ml, solution concentrée à diluer pour perfusion;ATUn;Les ATU nominatives ont été accordées dans le traitement et dans la prévention de la maladie veino-occlusive (MVO) hépathique sévère, également appelée syndrome obstructif sinusoîdale (SOS) dans le acdre de la transplantation de cellules souches hématopoiétiques (TCSH),;NON;18/10/2013;06/06/2014;02/10/2014;OUI;"L'indication ""prévention de la maladie veino obstrutive (MVO)"" a été retirée par le laboratoire";NON;NON;L'avis de la HAS n'est pas disponible, Dans l'attente de cet avis,  les seules initiations de traitements autorisées pour la prise en charge le sont dans les indications de l'AMM ayant fait l'objet d'ATU nominatives.;OUI;;9354018;9401172;DEFITELIO 80MG/ML PERF FL;LE DISPOSITIF POST ATU EST ARRETE.;
;NOVARTIS PHARMA SAS;sacubitril/valsartan;ENTRESTO®  24 mg/26 mg, comprimés pelliculés;ATUC;Traitement chez l’adulte de l’insuffisance cardiaque avec dysfonction systolique ventriculaire gauche (fraction d'éjection ventriculaire gauche ≤ 40 %) symptomatique :- de classe fonctionnelle NYHA II ayant présenté au moins 2 hospitalisations pour décompensation cardiaque dans l’année documentée par une NT-proBNP ≥300 pg/ml (ou BNP ≥100 pg/ml) ou l’utilisation de diurétiques IV,- ou de classe fonctionnelle NYHA III-IV,insuffisamment contrôlée par les thérapeutiques non médicamenteuses (chirurgie, resynchronisation cardiaque, ...) ou médicamenteuses bien conduites : inhibiteurs de l’enzyme de conversion ou antagonistes du récepteur de l’angiotensine II, diurétiques et bêtabloquants.La posologie de l’inhibiteur de l’enzyme de conversion ou de l’antagoniste du récepteur de l’angiotensine II devra être à la dose maximale recommandée (patient en classe NYHA II) ou au moins à 50% de la dose recommandée pour les patients en classe NYHA III-IV ou les patients en classe II avec des manifestations limitant l’utilisation de la dose maximale, comme l’hypotension orthostatique.;NON;19/11/2015;04/01/2016;15/10/2018;OUI;NON;NON;OUI;Les indications validées par le CHMP n’ayant pas fait l’objet d’une autorisation temporaire d’utilisation de cohorte correspond aux patients avec insuffisance cardiaque :- dysfonction systolique ventriculaire gauche (fraction d'éjection ventriculaire gauche ≤ 40 %) symptomatique de classe fonctionnelle NYHA II ayant présenté moins de 2 hospitalisations pour décompensation cardiaque dans l’année documentée ou n’ayant pas utilisé de diurétiques IV.- dysfonction systolique ventriculaire gauche (fraction d'éjection ventriculaire gauche comprise entre 40 et 50%) symptomatique.Dans ces indications validées par le CHMP qui n’ont pas fait l’objet d’une autorisation temporaire d’utilisation, la HAS a identifié des thérapeutiques prises en charge par les régimes obligatoires de sécurité sociale. Ces alternatives sont mentionnées en annexe de l'avis N° 2015.0095/AC/SEM du 4 novembre 2015 du collège de la Haute Autorité de Santé.;NON;;9408843;9412773;ENTRESTO 24MG/26MG CPR;LE DISPOSITIF POST ATU EST ARRETE.;
;NOVARTIS PHARMA SAS;sacubitril/valsartan;ENTRESTO®  49 mg/51 mg, comprimés pelliculés;ATUC;Traitement chez l’adulte de l’insuffisance cardiaque avec dysfonction systolique ventriculaire gauche (fraction d'éjection ventriculaire gauche ≤ 40 %) symptomatique :- de classe fonctionnelle NYHA II ayant présenté au moins 2 hospitalisations pour décompensation cardiaque dans l’année documentée par une NT-proBNP ≥300 pg/ml (ou BNP ≥100 pg/ml) ou l’utilisation de diurétiques IV,- ou de classe fonctionnelle NYHA III-IV,insuffisamment contrôlée par les thérapeutiques non médicamenteuses (chirurgie, resynchronisation cardiaque, ...) ou médicamenteuses bien conduites : inhibiteurs de l’enzyme de conversion ou antagonistes du récepteur de l’angiotensine II, diurétiques et bêtabloquants.La posologie de l’inhibiteur de l’enzyme de conversion ou de l’antagoniste du récepteur de l’angiotensine II devra être à la dose maximale recommandée (patient en classe NYHA II) ou au moins à 50% de la dose recommandée pour les patients en classe NYHA III-IV ou les patients en classe II avec des manifestations limitant l’utilisation de la dose maximale, comme l’hypotension orthostatique.;NON;19/11/2015;04/01/2016;15/10/2018;OUI;NON;NON;OUI;Les indications validées par le CHMP n’ayant pas fait l’objet d’une autorisation temporaire d’utilisation de cohorte correspond aux patients avec insuffisance cardiaque :- dysfonction systolique ventriculaire gauche (fraction d'éjection ventriculaire gauche ≤ 40 %) symptomatique de classe fonctionnelle NYHA II ayant présenté moins de 2 hospitalisations pour décompensation cardiaque dans l’année documentée ou n’ayant pas utilisé de diurétiques IV.- dysfonction systolique ventriculaire gauche (fraction d'éjection ventriculaire gauche comprise entre 40 et 50%) symptomatique.Dans ces indications validées par le CHMP qui n’ont pas fait l’objet d’une autorisation temporaire d’utilisation, la HAS a identifié des thérapeutiques prises en charge par les régimes obligatoires de sécurité sociale. Ces alternatives sont mentionnées en annexe de l'avis N° 2015.0095/AC/SEM du 4 novembre 2015 du collège de la Haute Autorité de Santé.;NON;;9408820;9412796;ENTRESTO 49MG/51MG CPR;LE DISPOSITIF POST ATU EST ARRETE.;
;NOVARTIS PHARMA SAS;sacubitril/valsartan;ENTRESTO® 97 mg/103 mg, comprimés pelliculés;ATUC;Traitement chez l’adulte de l’insuffisance cardiaque avec dysfonction systolique ventriculaire gauche (fraction d'éjection ventriculaire gauche ≤ 40 %) symptomatique :- de classe fonctionnelle NYHA II ayant présenté au moins 2 hospitalisations pour décompensation cardiaque dans l’année documentée par une NT-proBNP ≥300 pg/ml (ou BNP ≥100 pg/ml) ou l’utilisation de diurétiques IV,- ou de classe fonctionnelle NYHA III-IV,insuffisamment contrôlée par les thérapeutiques non médicamenteuses (chirurgie, resynchronisation cardiaque, ...) ou médicamenteuses bien conduites : inhibiteurs de l’enzyme de conversion ou antagonistes du récepteur de l’angiotensine II, diurétiques et bêtabloquants.La posologie de l’inhibiteur de l’enzyme de conversion ou de l’antagoniste du récepteur de l’angiotensine II devra être à la dose maximale recommandée (patient en classe NYHA II) ou au moins à 50% de la dose recommandée pour les patients en classe NYHA III-IV ou les patients en classe II avec des manifestations limitant l’utilisation de la dose maximale, comme l’hypotension orthostatique.;NON;19/11/2015;04/01/2016;15/10/2018;OUI;NON;NON;OUI;Les indications validées par le CHMP n’ayant pas fait l’objet d’une autorisation temporaire d’utilisation de cohorte correspond aux patients avec insuffisance cardiaque :- dysfonction systolique ventriculaire gauche (fraction d'éjection ventriculaire gauche ≤ 40 %) symptomatique de classe fonctionnelle NYHA II ayant présenté moins de 2 hospitalisations pour décompensation cardiaque dans l’année documentée ou n’ayant pas utilisé de diurétiques IV.- dysfonction systolique ventriculaire gauche (fraction d'éjection ventriculaire gauche comprise entre 40 et 50%) symptomatique.Dans ces indications validées par le CHMP qui n’ont pas fait l’objet d’une autorisation temporaire d’utilisation, la HAS a identifié des thérapeutiques prises en charge par les régimes obligatoires de sécurité sociale. Ces alternatives sont mentionnées en annexe de l'avis N° 2015.0095/AC/SEM du 4 novembre 2015 du collège de la Haute Autorité de Santé.;NON;;9408837;9412804;ENTRESTO 97MG/103MG CPR;LE DISPOSITIF POST ATU EST ARRETE.;
;TAKEDA PHARMA A/S;védolizumab;ENTYVIO®  300 mg, poudre pour solution à diluer pour perfusion ;ATUC;"Rectocolite hémorragique Vedolizumab est indiqué dans le traitement des patients adultes présentant une rectocolite hémorragique active, modérée à sévère, ayant eu une réponse insuffisante ou une perte de réponse à un traitement conventionnel et par anti-TNFα (antagoniste du facteur de nécrose tumorale alpha) ou ayant été intolérants à ces traitements.Maladie de Crohn Vedolizumab est indiqué dans le traitement des patients adultes présentant une maladie de Crohn active modérée à sévère ayant eu une réponse insuffisante ou une perte de réponse à un traitement conventionnel et par anti- TNFα (antagoniste du facteur de nécrose tumorale alpha), ou ayant été intolérants à ces traitements.""";NON;22/05/2014;15/09/2014;11/01/2017;OUI;NON;NON;OUI;Sans objet : les indications de l'ATU de cohorte et de l'AMM sont identiques,;OUI;;9401338;9402059;ENTYVIO 300MG PERF FL;LE DISPOSITIF POST ATU EST ARRETE.;
;EUSA PHARMA;crisantaspase;ERWINASE® 10000 UI/flacon, poudre pour solution pour injection ;ATUC;Erwinase est indiqué en association à d’autres agents chimiothérapeutiques, pour le traitement des patients, présentant une leucémie aiguë lymphoblastique et qui ont développé une hypersensibilité à l’asparaginase issue d’E. Coli .;NON;30/03/2015;15/07/2015;21/11/2015;OUI;NON;NON;OUI;L’indication de l’autorisation de mise sur le marché de la spécialité ERWINASE, mentionnée en annexe du présent avis (AVIS N° 2015.0028/AC/SEM du 18 mars 2015 du Collège de la Haute Autorité de Santé), est identique à celle définie dans l’autorisation temporaire d’utilisation de cohorte. Il n’y a donc pas lieu d’identifier, pour cette spécialité, des alternatives thérapeutiques prises en charge par les régimes obligatoires de sécurité sociale.;OUI;;9290502;9290502;ERWINASE 10000UI INJ FL;LE DISPOSITIF POST ATU EST ARRETE.;
;ABBVIE;dasabuvir;EXVIERA® 250 mg, comprimé pelliculé ;ATUC;Dasabuvir Abbvie en association avec l’ombitasvir/paritaprévir/ritonavir avec ou sans ribavirine, utilisé dans le cadre de l'ATU de cohorte, est indiqué dans le traitement de l'hépatite C chronique due au VHC de génotype 1 chez des patients adultes présentant une maladie à un stade avancé (avec fibrose hépatique F3 ou cirrhose compensée ou présentant des manifestations extra-hépatiques du VHC).;NON;15/01/2015;15/03/2015;29/08/2015;OUI;NON;NON;OUI; Les indications de l’autorisation de mise sur le marché de la spécialité EXVIERA 250 mg qui n’ont pas fait l’objet d’une autorisation temporaire d’utilisation de cohorte concernent les patients avec une hépatite C chronique (HCC) due au virus de génotype 1, avec une maladie à un stade moins avancé (avec fibrose hépatique ≤ F2 et ne présentant pas de manifestations extra-hépatiques du VHC). Pour l'ensemble de ces patients, la HAS a identifié des thérapeutiques prises en charge par les régimes obligatoires de sécurité sociale. Ces alternatives sont mentionnées en annexe de l'avis N° 2015.0019/AC/SEM du 18 février 2015 du collège de la Haute Autorité de Santé.;NON;;9405514;9405744;EXVIERA 250MG CPR;LE DISPOSITIF POST ATU EST ARRETE.;
;AMICUS THERAPEUTICS;migalastat;GALAFOLD 123 mg, gélules;ATUC;Galafold est indiqué chez les patients présentant un diagnostic de maladie de Fabry et porteurs de mutations sensibles au migalastat, en cas d’échec, de contre-indication ou d’intolérance au traitement enzymatique substitutif actuellement disponible.;NON;26/05/2016;25/07/2016;03/05/2017;OUI;NON;NON;OUI;L’indication de la spécialité GALAFOLD (migalastat), validée par le CHMP, qui n’a pas fait l’objet d’une autorisation temporaire d’utilisation correspond aux « Patients présentant un diagnostic de maladie de Fabry et porteurs de mutations sensibles au migalastat, qui ne sont pas en cas d’échec, ne possèdent pas de contre-indication ou d’intolérance au traitement enzymatique substitutif actuellement disponible».Dans cette indication, la Haute Autorité de santé a identifié des alternatives thérapeutiques prises en charge par les régimes obligatoires de sécurité sociale. Ces alternatives sont mentionnées en annexe du présent avis (avis n° 2016.0040/AC/SEM du 18 mai 2016 du collège de la Haute Autorité de santé );NON;;9415949;9415949;GALAFOLD 123MG GELU;LE DISPOSITIF POST ATU EST ARRETE.;
;LUCANE PHARMA;acide para-aminosalicylique;GRANUPAS®  4 g, granulés gastro-résistants;ATUC;PASER est indiqué, chez l’adulte, en association avec plusieurs autres médicaments antibiotiques bactéricidiques ou bactériostatiques réputés actifs sur Mycobacterium tuberculosis dans le traitement de la tuberculose multi-résistante (MDR-TB ou XDR-TB ) en fonction des résultats de l’antibiogramme ou bien lorsque l’utilisation de l’isoniazide et de la rifampicine est impossible pour des raisons de résistance croisée ou d’intolérance.;NON;07/04/2014;12/11/2014;26/03/2015;OUI;NON;NON;OUI;L’indication de l’autorisation de mise sur le marché de la spécialité PASER qui n’a pas fait l’objet d’une autorisation temporaire d’utilisation de cohorte concerne les enfants de plus de 28 jours ayant une tuberculose multirésistante.Pour cette indication, mentionnée en annexe de l'avis N° 2014.0002/AC/SEM du 5 février 2014, la HAS n’a pas identifié d’alternative thérapeutique prise en charge par les régimes obligatoires de la sécurité sociale.;NON;;9321734;9404615;GRANUPAS 4G GLE SACH;LE DISPOSITIF POST ATU EST ARRETE.;
;GILEAD SCIENCES INTERNATIONAL LTD;lédipasvir/sofosbuvir;HARVONI® 90 mg/400 mg, comprimé pelliculé ;ATUC;Traitement de patients adultes atteints d’infection virale C chronique et :- Présentant une maladie à un stade avancé (avec fibrose hépatique F3/F4 ou présentant des manifestations extra-hépatiques du VHC)ou -  Sont sur liste d’attente pour une transplantation hépatiqueou - Ont subi une transplantation hépatique et présentent une récurrence de l’infection par le virus de l’hépatite Cou -  Ont subi une transplantation rénale;NON;17/11/2014;18/12/2014;18/06/2015;OUI;NON;NON;OUI;"L’indication de l’autorisation de mise sur le marché des spécialités HARVONI qui n’a pas fait l’objet d’une autorisation temporaire d’utilisation de cohorte concerne les patients adultes ayant une hépatite C chronique due au virus de génotype 1,3 ou 4, avec une maladie à un stade moins avancé (avec fibrose hépatique < ou = F2 et ne présentant pas des manifestations extra-hépatiques du VHC) et,                                                                                                                                                                                                                                    - n'ayant pas subi de transplantation hépatique,                                                                                                                                                                                                                                                                      - n'ayant pas subi une transplantation rénale.Pour ces indications, la HAS a identifié des alternatives thérapeutiques prises en charge par les régimes obligatoires de la sécurité sociale ; ces alternatives sont mentionnées en annexe de l'avis de la HAS (Avis n°2014.0115/SEM du 17 décembre 2014).";NON;;9404957;9405081;HARVONI 90MG/400MG CPR;LE DISPOSITIF POST ATU EST ARRETE.;
;PIERRE FABRE DERMATOLOGIE;propranolol;HEMANGIOL® 3,75 mg/ml, solution buvable ;ATUC;Le médicament est indiqué dans le traitement des hémangiomes infantiles prolifératifs entrainant un risque vital ou fonctionnel, et des hémangiomes ulcérés ne répondant pas à des soins simples, chez les enfants ne pouvant être inclus dans un essai clinique.;NON;23/04/2014;28/07/2014;21/10/2014;OUI;NON;NON;OUI;"Les indications de l’autorisation de mise sur le marché de la spécialité HEMANGIOL qui n’ont pas fait l’objet d’une autorisation temporaire d’utilisation de cohorte concernent les patients avec une hémangiome :- ulcérés avec douleurs,- avec risque de cicatrice permanente ou défigurante.Pour ces indications, la HAS a identifié des alternatives thérapeutiques prises en charge par les régimes obligatoires de la sécurité sociale ; ces alternatives sont mentionnées en annexe de l'avis n° 2014.0019/AC/SEM du 2 avril 2014 du collège de la HAS.";NON;;9353869;9402243;HEMANGIOL 3,75MG/ML BUV 120ML;LE DISPOSITIF POST ATU EST ARRETE.;
;PFIZER;palbociclib;IBRANCE®  75 mg, gélule;ATUC;Palbociclib est indiqué en association au fulvestrant pour le traitement du cancer du sein localement avancé/métastatique, positif aux récepteurs hormonaux (RH) et négatif au récepteur du facteur de croissance épidermique humain-2 (human epidermal growth factor receptor 2 [HER2]- négatif) chez la femme :ménopauséeayant reçu un traitement préalable ayant inclus un anti-aromatase et, sauf en cas d’intolérance, l’everolimus,ne présentant pas de propagation viscérale symptomatique,ne pouvant pas être incluse dans un essai clinique en coursen l’absence d’alternative thérapeutique appropriée.;NON;09/11/2016;16/01/2017;24/03/2018;OUI;NON;NON;OUI;Les indications de l’autorisation de mise sur le marché de la spécialité IBRANCE (palbociclib) qui n’ont pas fait l’objet d’une autorisation temporaire d’utilisation de cohorte sont :- le traitement hormonal de première ligne du cancer du sein localement avancé/métastatique, positif aux récepteurs hormonaux (RH) et négatif au récepteur du facteur de croissance épidermique humain chez la femme ménopausée ou non ménopausée,- le traitement du cancer du sein localement avancé/métastatique, positif aux récepteurs hormonaux (RH) et négatif au récepteur du facteur de croissance épidermique humain avec atteinte viscérale quel que soit le statut de la patiente : ménopausée ou non ménopausée,- le traitement hormonal de seconde ligne ou plus du cancer du sein localement avancé/métastatique, positif aux récepteurs hormonaux (RH) et négatif au récepteur du facteur de croissance épidermique humain chez la femme ménopausée ou non ménopausée.La Haute Autorité de santé a identifié des alternatives thérapeutiques prises en charge par les régimes obligatoires de sécurité sociale dans les indications précitées, à l’exception de l’indication du traitement hormonal de seconde ligne ou plus du cancer du sein chez les patientes non ménopausées. Ces alternatives thérapeutiques sont mentionnées en annexe de l'avis n°2016.0063/AC/SEM du 26 octobre 2016 du collège de la Haute Autorité de santé .Ces indications ne sont donc pas prises en charge au titre du post-ATU, à l'exception de l’indication du traitement hormonal de seconde ligne ou plus du cancer du sein chez les patientes non ménopausées.;NON;;9407677;9422872;IBRANCE 75MG GELU;LE DISPOSITIF POST ATU EST ARRETE.;
;PFIZER;palbociclib;IBRANCE®  100 mg, gélule;ATUC;Palbociclib est indiqué en association au fulvestrant pour le traitement du cancer du sein localement avancé/métastatique, positif aux récepteurs hormonaux (RH) et négatif au récepteur du facteur de croissance épidermique humain-2 (human epidermal growth factor receptor 2 [HER2]- négatif) chez la femme :ménopauséeayant reçu un traitement préalable ayant inclus un anti-aromatase et, sauf en cas d’intolérance, l’everolimus,ne présentant pas de propagation viscérale symptomatique,ne pouvant pas être incluse dans un essai clinique en coursen l’absence d’alternative thérapeutique appropriée.;NON;09/11/2016;16/01/2017;24/03/2018;OUI;NON;NON;OUI;Les indications de l’autorisation de mise sur le marché de la spécialité IBRANCE (palbociclib) qui n’ont pas fait l’objet d’une autorisation temporaire d’utilisation de cohorte sont :- le traitement hormonal de première ligne du cancer du sein localement avancé/métastatique, positif aux récepteurs hormonaux (RH) et négatif au récepteur du facteur de croissance épidermique humain chez la femme ménopausée ou non ménopausée,- le traitement du cancer du sein localement avancé/métastatique, positif aux récepteurs hormonaux (RH) et négatif au récepteur du facteur de croissance épidermique humain avec atteinte viscérale quel que soit le statut de la patiente : ménopausée ou non ménopausée,- le traitement hormonal de seconde ligne ou plus du cancer du sein localement avancé/métastatique, positif aux récepteurs hormonaux (RH) et négatif au récepteur du facteur de croissance épidermique humain chez la femme ménopausée ou non ménopausée.La Haute Autorité de santé a identifié des alternatives thérapeutiques prises en charge par les régimes obligatoires de sécurité sociale dans les indications précitées, à l’exception de l’indication du traitement hormonal de seconde ligne ou plus du cancer du sein chez les patientes non ménopausées. Ces alternatives thérapeutiques sont mentionnées en annexe de l'avis n°2016.0063/AC/SEM du 26 octobre 2016 du collège de la Haute Autorité de santé .Ces indications ne sont donc pas prises en charge au titre du post-ATU, à l'exception de l’indication du traitement hormonal de seconde ligne ou plus du cancer du sein chez les patientes non ménopausées.;NON;;9407654;9422843;IBRANCE 100MG GELU;LE DISPOSITIF POST ATU EST ARRETE.;
;PFIZER;palbociclib;IBRANCE®  125 mg, gélule;ATUC;Palbociclib est indiqué en association au fulvestrant pour le traitement du cancer du sein localement avancé/métastatique, positif aux récepteurs hormonaux (RH) et négatif au récepteur du facteur de croissance épidermique humain-2 (human epidermal growth factor receptor 2 [HER2]- négatif) chez la femme :ménopauséeayant reçu un traitement préalable ayant inclus un anti-aromatase et, sauf en cas d’intolérance, l’everolimus,ne présentant pas de propagation viscérale symptomatique,ne pouvant pas être incluse dans un essai clinique en coursen l’absence d’alternative thérapeutique appropriée.;NON;09/11/2016;16/01/2017;24/03/2018;OUI;NON;NON;OUI;Les indications de l’autorisation de mise sur le marché de la spécialité IBRANCE (palbociclib) qui n’ont pas fait l’objet d’une autorisation temporaire d’utilisation de cohorte sont :- le traitement hormonal de première ligne du cancer du sein localement avancé/métastatique, positif aux récepteurs hormonaux (RH) et négatif au récepteur du facteur de croissance épidermique humain chez la femme ménopausée ou non ménopausée,- le traitement du cancer du sein localement avancé/métastatique, positif aux récepteurs hormonaux (RH) et négatif au récepteur du facteur de croissance épidermique humain avec atteinte viscérale quel que soit le statut de la patiente : ménopausée ou non ménopausée,- le traitement hormonal de seconde ligne ou plus du cancer du sein localement avancé/métastatique, positif aux récepteurs hormonaux (RH) et négatif au récepteur du facteur de croissance épidermique humain chez la femme ménopausée ou non ménopausée.La Haute Autorité de santé a identifié des alternatives thérapeutiques prises en charge par les régimes obligatoires de sécurité sociale dans les indications précitées, à l’exception de l’indication du traitement hormonal de seconde ligne ou plus du cancer du sein chez les patientes non ménopausées. Ces alternatives thérapeutiques sont mentionnées en annexe de l'avis n°2016.0063/AC/SEM du 26 octobre 2016 du collège de la Haute Autorité de santé .Ces indications ne sont donc pas prises en charge au titre du post-ATU, à l'exception de l’indication du traitement hormonal de seconde ligne ou plus du cancer du sein chez les patientes non ménopausées.;NON;;9407660;9422866;IBRANCE 125MG GELU;LE DISPOSITIF POST ATU EST ARRETE.;
;JANSSEN-CILAG;ibrutinib;IMBRUVICA® 140 mg, gélule;ATUC;Ibrutinib est indiqué pour le traitement des patients adultes atteints :Lymphome à cellules du manteau en rechute ou réfractaire. Leucémie Lymphoïde Chronique ayant reçu au moins un traitement antérieur, ou en première ligne en cas de délétion 17p ou de mutation TP53 chez les patients pour lesquels une immuno-chimiothérapie est inadaptée.;NON;21/10/2014;21/11/2014;02/08/2017;OUI;NON;NON;OUI;Les indications de l’autorisation de mise sur le marché de la spécialité IMBRUVICA sont identiques à celle définie dans l’autorisation temporaire d’utilisation de cohorte. (avis N° 2014.0085/AC/SEM du 10 septembre 2014 du collège de la Haute Autorité de Santé);NON;;9399334;9403490;IMBRUVICA 140MG GELU;LE DISPOSITIF POST ATU EST ARRETE.;
;Laboratoire HRA Pharma;kétoconazole;KETOCONAZOLE HRA® 200 mg, comprimé ;ATUC;Traitement du syndrome de Cushing en l’absence d’alternative médicamenteuse appropriée;NON;19/11/2014;06/03/2015;11/03/2016;OUI;NON;NON;OUI;Dans le traitement du syndrome de Cushing, l’indication de l’autorisation de mise sur le marché de la spécialité KETOCONAZOLE HRA qui n’a pas fait l’objet d’une autorisation temporaire d’utilisation de cohorte concerne les patients avec syndrome de Cushing pour lesquels il existe des alternatives médicamenteuses appropriées.La HAS a identifié des thérapeutiques prises en charge par les régimes obligatoires de sécurité sociale, dans certaines manifestations du syndrome de Cushing, qui sont :- La maladie de Cushing en cas de syndrome de Cushing-ACTH dépendant avec une ACTH d’origine eutopique sécrétée par une tumeur bénigne hypophysaire,- Le carcinome corticosurrénalien évolué,- Les hypercorticismes indépendants de l'ACTH (syndrome de Cushing tumoral).Ces alternatives sont mentionnées en annexe de l'avis N° 2014.0110/AC/SEM du 12 novembre 2014 du collège de la Haute Autorité de Santé.;NON;;9402036;9406979;KETOCONAZOLE HRA 200MG CPR;LE DISPOSITIF POST ATU EST ARRETE.;
;Merck Sharp & Dohme Limited;pembrolizumab;KEYTRUDA® 50 mg en poudre pour solution à diluer pour perfusion;ATUC;PEMBROLIZUMAB est indiqué : Pour le traitement des patients adultes (≥ 18 ans) atteints d'un mélanome non résécable (stade III) ou métastatique (stade IV) : > patients ne présentant pas de mutation BRAFV600 dès la première ligne de traitement> patients présentant une mutation BRAFV600 ayant échappé à un inhibiteur BRAFLes patients doivent avoir un indice de performance ECOG de 0 ou 1, et des fonctions d’organes adéquates définies par des critères hématologiques et biochimiques.;NON;17/07/2015;14/09/2015;11/01/2017;OUI;NON;NON;OUI;L'avis N° 2015.0075/AC/SEM du 22 juillet 2015 du collège de la Haute Autorité de Santé précise que les indications validées par le CHMP mais non comprises dans les indications définies dans l’ATU de cohorte de KEYTRUDA (pembrolizumab) sont les patients atteints d’un mélanome non resécable ou métastatique avec mutation BRAF (BRAF+) en première ligne de traitement.Dans ces indications, la HAS a identifié des thérapeutiques prises en charge par les régimes obligatoires de sécurité sociale. Ces alternatives sont mentionnées en annexe de l'avis précité.;OUI;;9403188;9409535;KEYTRUDA 50MG PERF FL15ML;LE DISPOSITIF POST ATU EST ARRETE.;
;ASK PHARMACEUTICALS GMBH;acide cholique;KOLBAM 50 mg, gélule ;ATUC;Cholbam est indiqué pour le traitement des anomalies congénitales de la synthèse des acides biliaires primaires dues à un déficit d’une des enzymes suivantes :stérol 27-hydroxylase (se manifestant par une xanthomatose cérébrotendineuse, XCT), 2- (ou a-) méthylacyl-CoA racémase (AMACR), cholestérol 7a-hydroxylase ( CYP7A1), chez les nourrissons à partir de l’âge d’un mois, l’enfant, l’adolescent jusqu’à 18 ans et l’adulte pour un traitement continu à vie.;NON;04/04/2014;08/04/2015;;;NON;NON;OUI;Sans objet : les indications de l'ATU de cohorte et de l'AMM sont identiques,;NON;;9398429;9404638;KOLBAM 50MG GELU;AMM retIrée le 11 juin 2015LE DISPOSITIF POST ATU EST ARRETE,;
;ASK PHARMACEUTICALS GMBH;acide cholique;KOLBAM® 250 mg, gélule ;ATUC;Cholbam est indiqué pour le traitement des anomalies congénitales de la synthèse des acides biliaires primaires dues à un déficit d’une des enzymes suivantes :stérol 27-hydroxylase (se manifestant par une xanthomatose cérébrotendineuse, XCT), 2- (ou a-) méthylacyl-CoA racémase (AMACR), cholestérol 7a-hydroxylase ( CYP7A1), chez les nourrissons à partir de l’âge d’un mois, l’enfant, l’adolescent jusqu’à 18 ans et l’adulte pour un traitement continu à vie.;NON;04/04/2014;08/04/2015;11/06/2015;NON;NON;NON;OUI;Sans objet : les indications de l'ATU de cohorte et de l'AMM sont identiques,;NON;;9398412;9404621;KOLBAM 250MG GELU;AMM retIrée le 11 juin 2015LE DISPOSITIF POST ATU EST ARRETE,;
;AMGEN;carfilzomib;KYPROLIS® 60 mg, poudre pour solution pour perfusion;ATUn;Sans objet : ATUn;NON;19/11/2015;15/03/2016;19/07/2018;OUI;NON;NON;NON;Sans objet : ATUn;OUI;9400385;;9413838;KYPROLIS 60MG PERF FL 1;LE DISPOSITIF POST ATU EST ARRETE.;
;EISAI EUROPE LIMITED;lenvatinib;LENVIMA® 4 mg, gélule ;ATUC;Lenvima, est indiqué pour le traitement des patients adultes présentant un cancer différencié de la thyroïde réfractaire à l’iode radioactif en progression et ayant reçu un traitement par sorafenib.;NON;28/05/2015;21/09/2015;07/01/2017;OUI;NON;NON;OUI;L’indication validée par le CHMP mais non comprise dans les indications définies dans l’ATU de cohorte est la suivante : traitement des patients ayant un cancer de la thyroïde différencié, en progression, réfractaire à l’iode radioactif et non traité par inhibiteur de tyrosine kinase (1ère ligne de traitement).Dans cette indication, la HAS n’a pas identifié d’alternative thérapeutique prise en charge, à ce jour, par les régimes obligatoires de la sécurité sociale. Elle a cependant identifié une alternative, actuellement en cours d’évaluation par la Commission de la transparence, la spécialité NEXAVAR (sorafénib) - Avis N° 2015.0046/AC/SEM du 3 juin 2015 du collège de la Haute Autorité de Santé -;NON;;9408872;9408872;LENVIMA 4MG GELU;LE DISPOSITIF POST ATU EST ARRETE.;
;EISAI EUROPE LIMITED;lenvatinib;LENVIMA® 10 mg, gélule ;ATUC;Lenvima, est indiqué pour le traitement des patients adultes présentant un cancer différencié de la thyroïde réfractaire à l’iode radioactif en progression et ayant reçu un traitement par sorafenib.;NON;28/05/2015;21/09/2015;07/01/2017;OUI;NON;NON;OUI;L’indication validée par le CHMP mais non comprise dans les indications définies dans l’ATU de cohorte est la suivante : traitement des patients ayant un cancer de la thyroïde différencié, en progression, réfractaire à l’iode radioactif et non traité par inhibiteur de tyrosine kinase (1ère ligne de traitement).Dans cette indication, la HAS n’a pas identifié d’alternative thérapeutique prise en charge, à ce jour, par les régimes obligatoires de la sécurité sociale. Elle a cependant identifié une alternative, actuellement en cours d’évaluation par la Commission de la transparence, la spécialité NEXAVAR (sorafénib) - Avis N° 2015.0046/AC/SEM du 3 juin 2015 du collège de la Haute Autorité de Santé -;NON;;9408866;9408866;LENVIMA 10MG GELU;LE DISPOSITIF POST ATU EST ARRETE.;
;ASTRAZENECA;olaparib;LYNPARZA® 50 mg, gélule ;ATUC;Olaparib est indiqué en monothérapie dans le traitement d'entretien des patientes adultes, atteintes d’un cancer de l'ovaire récidivant (et des trompes de Fallope ou péritonéal primitif), ayant une mutation BRCA, en réponse (complète ou partielle) à une chimiothérapie à base de platine et qui, par ailleurs :- sont sensibles à la chimiothérapie à base de platine (la sensibilité au platine est déterminée par l’absence de progression de la maladie après une période de 6 mois (183 jours minimum) suivant la dernière cure de platine) - ne peuvent pas être incluses dans un essai clinique en cours - pour lesquelles il n’existe pas d’alternative thérapeutique appropriée;NON;16/12/2014;09/03/2014;25/01/2018;OUI;NON;NON;OUI;Sans objet : les indications de l'ATU de cohorte et de l'AMM sont identiques,;NON;;9401244;9405684;LYNPARZA 50MG GELU;LE DISPOSITIF POST ATU EST ARRETE.;
;SERVIER;chlorhydrate de tipiracil;LONSURF®  15 mg/6,14 mg, comprimé pelliculé;ATUn;Sans objet : ATUn;NON;25/04/2016;15/10/2016;23/09/2017;OUI;NON;NON;NON;Sans objet : ATUn;NON;;9413376;9420761;LONSURF 15MG/6,14MG CPR;LE DISPOSITIF POST ATU EST ARRETE.;
;SERVIER;chlorhydrate de tipiracil;LONSURF®  20 mg/8,19 mg, comprimé pelliculé;ATUn;Sans objet : ATUn;NON;25/04/2016;15/10/2016;23/09/2017;OUI;NON;NON;NON;Sans objet : ATUn;NON;;9413382;9420778;LONSURF 20MG/8,19MG CPR;LE DISPOSITIF POST ATU EST ARRETE.;
;ABBVIE;glecaprevir / pibrentasvir;MAVIRET®  100 mg/40 mg, comprimés pelliculés;ATUn;Sans objet : ATUn;NON;26/07/2017;26/10/2017;09/03/2017;OUI;NON;;NON;Sans objet : ATUn;NON;9422777;;9428739;MAVIRET 100MG/40MG CPR;LE DISPOSITIF POST ATU EST ARRETE.;
;MEDA PHARMA;bromure de pyridostigmine;MESTINON®  LP 180 mg, comprimé à libération prolongée;ATU n;Sans objet : ATUn;NON;19/06/2015;07/12/2015;30/09/2016;OUI;NON;NON;NON;Sans objet : ATUn;NON;;9122331;9413643;MESTINON LP 180MG CPR;LE DISPOSITIF POST ATU EST ARRETE.;
;EUMEDICA SA;témocilline;NEGABAN® 1 g, poudre pour solution injectable;ATUn;Sans objet : ATUn;NON;23/12/2014;15/06/2015;16/04/2016;OUI;NON;NON;NON;Sans objet : ATUn;NON;;9295497;9295497;NEGABAN 1G INJ FL 1;LE DISPOSITIF POST ATU EST ARRETE.;
;EUMEDICA SA;témocilline;NEGABAN® 2 g, poudre pour solution injectable ou pour perfusion;ATUn;Sans objet : ATUn;NON;23/12/2014;15/06/2015;16/04/2016;OUI;NON;NON;NON;Sans objet : ATUn;NON;;9295505;9295505;NEGABAN 2G INJ FL 1;LE DISPOSITIF POST ATU EST ARRETE.;
;TAKEDA PHARMA A/S;ixazomib;NINLARO®  3 mg, gélule;ATUn;Sans objet : ATUn;NON;21/11/2016;02/05/2017;01/11/2018;OUI;NON;NON;NON;Sans objet : ATUn;NON;9423363;;9426284;NINLARO 3MG GELU;LE DISPOSITIF POST ATU EST ARRETE.;
;TAKEDA PHARMA A/S;ixazomib;NINLARO® 4 mg, gélule;ATUn;Sans objet : ATUn;NON;21/11/2016;02/05/2017;01/11/2018;OUI;NON;NON;NON;Sans objet : ATUn;NON;9423386;;9426290;NINLARO 4MG GELU;LE DISPOSITIF POST ATU EST ARRETE.;
;GLAXOSMITHKLINE;mépolizumab;NUCALA® 100 mg, poudre pour solution injectable;ATUn;Sans objet : ATUn;NON; 02/12/2015;03/03/016;09/02/2018;OUI;NON;NON;NON;Sans objet : ATUn;NON;9409216;;9413850;NUCALA 100MG INJ FL;LE DISPOSITIF POST ATU EST ARRETE.;
;BOEHRINGER INGELHEIM;nintédanib;OFEV® 100 mg, capsule molle ;ATUC;nintédanib est indiqué chez l’adulte dans le traitement de la fibrose pulmonaire idiopathique (FPI) en cas de contre-indication, d’intolérance ou d'échec à la pirfénidone.;NON;15/01/2015;15/04/2015;20/01/2016;OUI;NON;NON;OUI;Les indications de l’autorisation de mise sur le marché des spécialités OFEV 100 et 150 mg qui n’ont pas fait l’objet d’une autorisation temporaire d’utilisation de cohorte concerne les patients avec :- fibrose pulmonaire idiopathique légère à modérée, en l’absence de contre-indication, d’intolérance ou d’échec à la pirfénidone.- fibrose pulmonaire idiopathique sévère.En cas de fibrose pulmonaire idiopathique légère à modérée, en l’absence de contre-indication, d’intolérance ou d’échec à la pirfénidone, la HAS a identifié des thérapeutiques prises en charge par les régimes obligatoires de sécurité sociale. Ces alternatives sont mentionnées en annexe de l'avisN° 2015.0007/AC/SEM du 21 janvier 2015 du collège de la Haute Autorité de Santé.En cas de fibrose pulmonaire idiopathique sévère, la HAS n’a pas identifié d’alternative thérapeutique prise en charge par les régimes obligatoires de la sécurité sociale;NON;;9405164;9406614;OFEV 100MG CAPS;LE DISPOSITIF POST ATU EST ARRETE.;
;BOEHRINGER INGELHEIM;nintédanib;OFEV® 150 mg, capsule molle ;ATUC;nintédanib est indiqué chez l’adulte dans le traitement de la fibrose pulmonaire idiopathique (FPI) en cas de contre-indication, d’intolérance ou d'échec à la pirfénidone.;NON;15/01/2015;15/04/2015;20/01/2016;OUI;NON;NON;OUI;Les indications de l’autorisation de mise sur le marché des spécialités OFEV 100 et 150 mg qui n’ont pas fait l’objet d’une autorisation temporaire d’utilisation de cohorte concerne les patients avec :- fibrose pulmonaire idiopathique légère à modérée, en l’absence de contre-indication, d’intolérance ou d’échec à la pirfénidone.- fibrose pulmonaire idiopathique sévère.En cas de fibrose pulmonaire idiopathique légère à modérée, en l’absence de contre-indication, d’intolérance ou d’échec à la pirfénidone, la HAS a identifié des thérapeutiques prises en charge par les régimes obligatoires de sécurité sociale. Ces alternatives sont mentionnées en annexe de l'avisN° 2015.0007/AC/SEM du 21 janvier 2015 du collège de la Haute Autorité de Santé.En cas de fibrose pulmonaire idiopathique sévère, la HAS n’a pas identifié d’alternative thérapeutique prise en charge par les régimes obligatoires de la sécurité sociale;NON;;9404526;9406620;OFEV 150MG CAPS;LE DISPOSITIF POST ATU EST ARRETE.;
;JANSSEN-CILAG;siméprévir;OLYSIO® 150 mg, gélules;ATUC;OLYSIO est indiqué dans le traitement de l'hépatite C chronique (HCC) due au virus de génotype 1 ou 4, en association avec d’autres médicaments, chez les patients adultes ayant une maladie à un stade avancé (avec fibrose hépatique F3/F4 ou présentant des manifestations extrahépatiques du VHC) et pour lesquels il n’existe pas d’alternatives therapeutiquesappropriées;NON;14/05/2014;03/06/2014;22/05/2015;OUI;NON;NON;OUI;Pour les indications de l’autorisation de mise sur le marché de la spécialité OLYSIO (siméprivir) qui n’ont pas fait l’objet d’une autorisation temporaire d’utilisation de cohorte, la HAS a identifié des alternatives thérapeutiques prises en harge par les régimes obligatoires de sécurité sociale.Ces indications et leurs alternatives sont détaillées en annexe de l'avis du collège de la HAS N° 2014.0041/AC/SEM du 21 mai 2014;NON;;9397772;9401108;OLYSIO 150MG GELU;LE DISPOSITIF POST ATU EST ARRETE.;
;BAXALTA INNOVATIONS GMBH;pégaspargase;ONCASPAR® 750 U/ml, solution injectable/pour perfusion;ATUn;Sans objet : ATUn;NON;14/01/2016;30/06/2016;03/08/2016;OUI;NON;NON;NON;Sans objet : ATUn;OUI;;9298828;9298828;ONCASPAR 750U/ML INJ FL5ML;LE DISPOSITIF POST ATU EST ARRETE.;
;BRISTOL-MYERS SQUIBB;nivolumab;OPDIVO® 10 mg/mL, solution à diluer pour perfusion;ATUC;NIVOLUMAB, est indiqué :ATUC :Pour le traitement des patients adultes (≥ 18 ans) atteints d'un mélanome non résécable (stade III) ou métastatique (stade IV) : -  patients ne présentant pas de mutation BRAFV600 dès la première ligne de traitement-  patients présentant une mutation BRAFV600 ayant échappé à un inhibiteur BRAFTraitement en monothérapie des patients adultes (≥ 18 ans) atteints d’un cancer bronchique non à petites cellules de stade IIIb ou IV après échec d’au moins une ligne de traitement à base de sels de platine. Pour les patients avec une mutation EGFR ou un réarrangement ALK, la maladie doit être en progression sous un traitement approuvé pour ces anomalies avant de recevoir Nivolumab.Les patients doivent avoir un indice de performance ECOG de 0 ou 1, et des fonctions d’organes adéquates définies par des critères hématologiques et biochimiques.;NON;19/06/2015;01/09/2015;28/12/2016 (mélanome et CBNPC de type épidermoïde)05/03/2017 (CBNPC de type non-épidermoïde);OUI;NON;;OUI;Dans le mélanome, l’indication validée par le CHMP mais non comprise dans l’indication définie dans l’ATU de cohorte d’OPDIVO (nivolumab) correspond aux patients BRAF mutés (BRAF +) en première ligne de traitement.Dans cette indication, la HAS a identifié des thérapeutiques prises en charge par les régimes obligatoires de sécurité sociale. Ces alternatives sont mentionnées en annexe de l'avis n° 2015.0077/AC/SEM du 16 septembre 2015 du collège de la Haute Autorité de Santé .Dans le cancer bronchique non à petites cellules, l’indication proposée par le CHMP est plus restreinte que celle définie dans l’ATU de cohorte de la spécialité NIVOLUMAB BMS. En effet, le libellé proposé par le CHMP se limite au type épidermoïde alors que celui de l’ATU concerne à la fois les types épidermoïde et non épidermoïde (adénocarcinome).Par conséquent, cette indication n’entre pas dans le cadre du 2° du I de l’article L. 162-16-5-2 du code de la sécurité sociale. Il n’y a donc pas lieu d’identifier, pour cette spécialité, des alternatives thérapeutiques prises en charge par les régimes obligatoires de sécurité sociale.;OUI;;9405632 (ATUC)9403225 (ATUn)9405649 (ATUC)9409021 (ATUn);9409452,9409469;OPDIVO 10MG/ML PERF FL10MLOPDIVO 10MG/ML PERF FL4ML;LE DISPOSITIF POST ATU EST ARRETE.;
;BRISTOL-MYERS SQUIBB;nivolumab;OPDIVO® 10 mg/mL, solution à diluer pour perfusion;ATUC;ATUn :- lymphome de Hodgkin;NON;21/11/2016;01/09/2015;29/11/2017;OUI;NON;NON;NON;Sans objet.;OUI;94032259405649;94056499409469;9409452,9409469;OPDIVO 10MG/ML PERF FL10MLOPDIVO 10MG/ML PERF FL4ML;LE DISPOSITIF POST ATU EST ARRETE.;
;CTRS;acide cholique;ORPHACOL®  50 mg, gélule;ATUn;Les ATU nominatives ont été délivrées pour des patients présentant un déficit en 3 oxydoréductase-β-hydroxy- 5-C27-stéroïde ou en  4-3-Oxosteroid-5-β-réductase.;NON;12/09/2013;06/01/2014;27/09/2014;OUI;NON;NON;OUI;L'avis de la HAS n'est pas disponible, Dans l'attente de cet avis,  les seules initiations de traitements autorisées pour la prise en charge le sont dans les indications de l'AMM ayant fait l'objet d'ATU nominatives.;NON;;9323070;9323070;ORPHACOL 50MG GELU        ;LE DISPOSITIF POST ATU EST ARRETE.;
;CTRS;acide cholique;ORPHACOL®  50 mg, gélule;ATUn;Les ATU nominatives ont été délivrées pour des patients présentant un déficit en 3 oxydoréductase-β-hydroxy- 5-C27-stéroïde ou en  4-3-Oxosteroid-5-β-réductase.;NON;12/09/2013;06/01/2014;27/09/2014;OUI;NON;NON;OUI;L'avis de la HAS n'est pas disponible, Dans l'attente de cet avis,  les seules initiations de traitements autorisées pour la prise en charge le sont dans les indications de l'AMM ayant fait l'objet d'ATU nominatives.;NON;;9323070;9323070;ORPHACOL 50MG GELU        ;LE DISPOSITIF POST ATU EST ARRETE.;
;BOEHRINGER INGELHEIM I;idarucizumab;PRAXBIND® 2,5 g/50 ml, solution injectable/pour perfusion;ATUC;Dans le cadre de l’Autorisation Temporaire d’Utilisation (ATU) de cohorte, Idarucizumab 2,5 g/50 mL, solution injectable/pour perfusion, l’agent de réversion spécifique du dabigatran, est indiqué chez les patients adultes traités par Pradaxa (dabigatran étexilate) quand une réversion rapide de ses effets anticoagulants est requise :- pour une urgence chirurgicale ou des procédures urgentes ne pouvant pas être différée(s) de plus de 8 heures telle(s) que :Neurochirurgie (incluant les hématomes intracérébraux, sous duraux aigus ou chroniques et extraduraux, chirurgie intraoculaire)Chirurgie dans un contexte de sepsisChirurgie cardiaqueChirurgie orthopédique à haut risque hémorragiqueChirurgie digestive à haut risque hémorragique (ex : rupture splénique, rupture hépatique)Chirurgie vasculaire de localisation cervicale, thoracique, abdominale ou pelviennePolytraumatisme-  en cas de saignements menaçant le pronostic vital et/ou fonctionnel d’un organe  tels que :Choc hémorragiqueComplication hémorragique de localisation neurologique au cours d’une navigation endovasculaire ou de geste interventionnel neuroradiologiqueHémorragie majeure non accessible à un geste hémostatiqueHémorragie intracrânienne et hémorragie intraspinaleHémorragie intraoculaire ou rétro-orbitaire »;NON;20/11/2015;20/02/2016;15/07/2016;OUI;NON;NON;OUI;Dans l’indication validée par le CHMP, correspondant aux patients adultes traités par PRADAXA qui nécessitent une réversion rapide des effets anticoagulants pour une intervention chirurgicale en urgence /procédures urgentes pouvant être différée de plus de 8 heures, qui n’a pas fait l’objet d’une autorisation temporaire d’utilisation, la HAS n’a pas identifié des thérapeutiques prises en charge par les régimes obligatoires de sécurité sociale (avis N° 2015.0089/AC/SEM du 4 novembre 2015 du Collège de la Haute Autorité de Santé).;OUI;;9413198;9413873;PRAXBIND 2,5G/50ML INJ FL;LE DISPOSITIF POST ATU EST ARRETE.;
;EUSA PHARMA (UK) LIMITED;dinutuximab bêta;QARZIBA®  4,5 mg/ ml solution à diluer pour perfusion;ATUn;"Sans objet ; ATU nominatives";NON;08/05/2017;07/09/2018;06/10/2018;OUI;NON;NON;NON;"Sans objet ; ATU nominatives";OUI;9431612;;9439542;QARZIBA 4,5MG/ML PERF FL;LE DISPOSITIF POST ATU EST ARRETE.;
;NOVARTIS;pasiréotide;SIGNIFOR® 20 mg, poudre et solvant pour suspension injectable ;ATUn;Les ATU nominatives ont été accordées dans le traitement de l’acromégalie chez les patients adultes pour lesquels la chirurgie n'est pas envisageable ou n’a pas été curative et qui sont insuffisamment contrôlés par un autre analogue de la somatostatine.;NON;19/11/2014;19/02/2015;21/11/2015;OUI;NON;NON;NON;;NON;;;9405135;SIGNIFOR 20MG INJ FL+SRG;LE DISPOSITIF POST ATU EST ARRETE.;
;NOVARTIS;pasiréotide;SIGNIFOR® 40 mg, poudre et solvant pour suspension injectable ;ATUn;Les ATU nominatives ont été accordées dans le traitement de l’acromégalie chez les patients adultes pour lesquels la chirurgie n'est pas envisageable ou n’a pas été curative et qui sont insuffisamment contrôlés par un autre analogue de la somatostatine.;NON;19/11/2014;19/02/2015;21/11/2015;OUI;NON;NON;NON;;NON;;9403171;9405141;SIGNIFOR 40MG INJ FL+SRG;LE DISPOSITIF POST ATU EST ARRETE.;
;NOVARTIS;pasiréotide;SIGNIFOR® 60 mg, poudre et solvant pour suspension injectable ;ATUn;Les ATU nominatives ont été accordées dans le traitement de l’acromégalie chez les patients adultes pour lesquels la chirurgie n'est pas envisageable ou n’a pas été curative et qui sont insuffisamment contrôlés par un autre analogue de la somatostatine.;NON;19/11/2014;19/02/2015;21/11/2015;OUI;NON;NON;NON;;NON;;9403372;9405158;SIGNIFOR 60MG INJ FL+SRG;LE DISPOSITIF POST ATU EST ARRETE.;
;JANSSEN CILAG;bédaquiline;SIRTURO® 100 mg, comprimés;ATUC;Sous ATU de cohorte le médicament était indiqué dans le cadre d’une association appropriée avec d’autres médicaments antituberculeux dans le traitement de la tuberculose pulmonaire multirésistante (TB-MDR) chez les patients adultes, lorsque l’utilisation d’un autre schéma thérapeutique efficace est impossible pour des raisons de résistance ou d’intolérance.Il convient de tenir compte des recommandations officielles sur l’utilisation appropriée des antibactériens.;NON;05/03/2014;18/02/2016;01/02/2017;OUI;NON;NON;OUI;pas d'avis de la HAS (indications identiques ATUC/AMM);NON;;9373091;9408961;SIRTURO 100MG CPR;LE DISPOSITIF POST ATU EST ARRETE.;
;GILEAD SCIENCES;sofosbuvir;SOVALDI® 400 mg, comprimé;ATUC;Sofosbuvir, utilisé dans le cadre d’une ATU de Cohorte, est indiqué pour le traitement de patients adultes atteints d’infection virale C chronique :-Présentant une maladie à un stade avancé pour lesquels il n’existe pas d’alternatives thérapeutiques appropriéesOu-Sont sur liste d’attente pour une transplantation hépatiqueOu-Ont subi une transplantation hépatique et présentent une récurrence de l’infection par le virus de l’hépatite C, agressive.;NON;16/01/2014;23/01/2014;21/11/2014;OUI;NON;NON;OUI;Conclusions de l'avis de la HAS n° 2013.0001/AC/SEM du 5 février 2014 : il existe des alternatives thérapeutiques prises en charge par les régimes obligatoires de sécurité sociale dans les indications non définies dans l’ATU de cohorte mais incluses dans l’AMM de la spécialité SOVALDI.;NON;;9390706 (GS7977 400MG CPR) ATUn9396465(SOFOSBUVIR GLD 400MG CPR) ATUc;9398211;SOVALDI 400MG CPR PELLIC;LE DISPOSITIF POST ATU EST ARRETE.;
;BIOGEN;dimethyl fumarate;TECFIDERA® 120 mg, gelule gastro-résistante;ATUn;Les ATU nominatives ont été délivrées pour des patients présentant de sclérose en plaques de forme rémittente récurrente en l'absence d'alternative thérapeutique disponible.;NON;31/01/2014;03/03/2014;26/06/2015;OUI;NON;NON;NON;L'indication de l'AMM des spécialités TECFIDERA est identique à celle définie dans les ATU nominatives, (voie avis N° 2014,0008/AC/SEM du 5 mars 2014 du collèfe de la HAS);NON;;9394880(DIMETHYL FUMAR BGI120MG GELU) ATUn;9399357;TECFIDERA 120MG GELU;LE DISPOSITIF POST ATU EST ARRETE.;
;BIOGEN;dimethyl fumarate;TECFIDERA® 240 mg, gélule gastro-résistante;ATUn;Les ATU nominatives ont été délivrées pour des patients présentant de sclérose en plaques de forme rémittente récurrente en l'absence d'alternative thérapeutique disponible.;NON;31/01/2014;03/03/2014;26/06/2015;OUI;NON;NON;NON;L'indication de l'AMM des spécialités TECFIDERA est identique à celle définie dans les ATU nominatives, (voie avis N° 2014,0008/AC/SEM du 5 mars 2014 du collèfe de la HAS);NON;;9396850(DIMETHYL FUMAR BGI240MG GELU)ATUn;9399363;TECFIDERA 240MG GELU;LE DISPOSITIF POST ATU EST ARRETE.;
;VIIV HEALTHCARE SAS;dolutegravir;TIVICAY® 50 mg, comprimés pelliculés;ATUn;Les ATU nominatives ont été délivrées à des patients infectés par le VIH et résistants ou intolérants aux thérapeutiques disponibles,;NON;20/01/2014;27/01/2014;29/11/2014;OUI;NON;NON;NON;Les indications de l'AMM de la spécialité TIVICAY qui n'ont pas fait l'objet d'ATU nominatives concernent les patients VIH naïfs de traitement et les patients prétraités avec des alternatives appropriées, Pour ces indications, la HAS a identifié des alternatives thérapeutiques prises en charge par les régimes obligatoires de sécurité sociale ( voir avis N°2014,0010/AC/SEM du 5 mars 2014 du collèfe de la HAS);NON;;9382701(DOLUTEGRAVIR VIIV 50MG CPR)ATUn;9398866;TIVICAY 50MG CPR;LE DISPOSITIF POST ATU EST ARRETE.;
;ACTELION;sélexipag;UPTRAVI® 200 microgrammes, comprimé pelliculé;ATUC;Traitement au long cours des patients adultes présentant une hypertension artérielle pulmonaire (HTAP) idiopathique ou héritable, associée à une connectivite ou à une cardiopathie congénitale simple corrigée, en classe fonctionnelle OMS III et  insuffisamment contrôlés par un traitement par un antagoniste des récepteurs de l'endothéline (ARE) associé à un inhibiteur de la phosphodiestérase de type 5 (iPDE-5).;NON;12/05/2016;19/09/2016;29/12/2018;OUI;NON;NON;OUI;"Dans les indications de l’autorisation de mise sur le marché de la spécialité UPTRAVI (selexipag) qui n’ont pas fait l’objet d’une autorisation temporaire d’utilisation de cohorte, la Haute Autorité de santé a identifié des alternatives thérapeutiques prises en charge par les régimes obligatoires de sécurité sociale. Ces alternatives sont mentionnées en annexe du l'avis n° 2016.0067/AC/SEM du 23 novembre 2016 du collège de la Haute Autorité de santé .Conformément à l'article L. 162-16-5-2 du code de la sécurité sociale, il n'y a donc pas de prise en charge dérogatoire pour ces indications dans le cadre du dispositif post-ATU (cf colonne ""observations"").";NON;;9416127;9416127;UPTRAVI 200MCG CPR PELL;LE DISPOSITIF POST ATU EST ARRETE.;
;ACTELION;sélexipag;UPTRAVI® 400 microgrammes, comprimé pelliculé;ATUC;Traitement au long cours des patients adultes présentant une hypertension artérielle pulmonaire (HTAP) idiopathique ou héritable, associée à une connectivite ou à une cardiopathie congénitale simple corrigée, en classe fonctionnelle OMS III et  insuffisamment contrôlés par un traitement par un antagoniste des récepteurs de l'endothéline (ARE) associé à un inhibiteur de la phosphodiestérase de type 5 (iPDE-5).;NON;12/05/2016;19/09/2016;29/12/2018;OUI;NON;NON;OUI;"Dans les indications de l’autorisation de mise sur le marché de la spécialité UPTRAVI (selexipag) qui n’ont pas fait l’objet d’une autorisation temporaire d’utilisation de cohorte, la Haute Autorité de santé a identifié des alternatives thérapeutiques prises en charge par les régimes obligatoires de sécurité sociale. Ces alternatives sont mentionnées en annexe du l'avis n° 2016.0067/AC/SEM du 23 novembre 2016 du collège de la Haute Autorité de santé .Conformément à l'article L. 162-16-5-2 du code de la sécurité sociale, il n'y a donc pas de prise en charge dérogatoire pour ces indications dans le cadre du dispositif post-ATU (cf colonne ""observations"").";NON;;9416156;9416156;UPTRAVI 400MCG CPR PELL;LE DISPOSITIF POST ATU EST ARRETE.;
;ACTELION;sélexipag;UPTRAVI® 600 microgrammes, comprimé pelliculé;ATUC;Traitement au long cours des patients adultes présentant une hypertension artérielle pulmonaire (HTAP) idiopathique ou héritable, associée à une connectivite ou à une cardiopathie congénitale simple corrigée, en classe fonctionnelle OMS III et  insuffisamment contrôlés par un traitement par un antagoniste des récepteurs de l'endothéline (ARE) associé à un inhibiteur de la phosphodiestérase de type 5 (iPDE-5).;NON;12/05/2016;19/09/2016;29/12/2018;OUI;NON;NON;OUI;"Dans les indications de l’autorisation de mise sur le marché de la spécialité UPTRAVI (selexipag) qui n’ont pas fait l’objet d’une autorisation temporaire d’utilisation de cohorte, la Haute Autorité de santé a identifié des alternatives thérapeutiques prises en charge par les régimes obligatoires de sécurité sociale. Ces alternatives sont mentionnées en annexe du l'avis n° 2016.0067/AC/SEM du 23 novembre 2016 du collège de la Haute Autorité de santé .Conformément à l'article L. 162-16-5-2 du code de la sécurité sociale, il n'y a donc pas de prise en charge dérogatoire pour ces indications dans le cadre du dispositif post-ATU (cf colonne ""observations"").";NON;;9416162;9416162;UPTRAVI 600MCG CPR PELL;LE DISPOSITIF POST ATU EST ARRETE.;
;ACTELION;sélexipag;UPTRAVI® 800 microgrammes, comprimé pelliculé;ATUC;Traitement au long cours des patients adultes présentant une hypertension artérielle pulmonaire (HTAP) idiopathique ou héritable, associée à une connectivite ou à une cardiopathie congénitale simple corrigée, en classe fonctionnelle OMS III et  insuffisamment contrôlés par un traitement par un antagoniste des récepteurs de l'endothéline (ARE) associé à un inhibiteur de la phosphodiestérase de type 5 (iPDE-5).;NON;12/05/2016;19/09/2016;29/12/2018;OUI;NON;NON;OUI;"Dans les indications de l’autorisation de mise sur le marché de la spécialité UPTRAVI (selexipag) qui n’ont pas fait l’objet d’une autorisation temporaire d’utilisation de cohorte, la Haute Autorité de santé a identifié des alternatives thérapeutiques prises en charge par les régimes obligatoires de sécurité sociale. Ces alternatives sont mentionnées en annexe du l'avis n° 2016.0067/AC/SEM du 23 novembre 2016 du collège de la Haute Autorité de santé .Conformément à l'article L. 162-16-5-2 du code de la sécurité sociale, il n'y a donc pas de prise en charge dérogatoire pour ces indications dans le cadre du dispositif post-ATU (cf colonne ""observations"").";NON;;9416179;9416179;UPTRAVI 800MCG CPR PELL;LE DISPOSITIF POST ATU EST ARRETE.;
;ACTELION;sélexipag;UPTRAVI® 1 000 microgrammes, comprimé pelliculé;ATUC;Traitement au long cours des patients adultes présentant une hypertension artérielle pulmonaire (HTAP) idiopathique ou héritable, associée à une connectivite ou à une cardiopathie congénitale simple corrigée, en classe fonctionnelle OMS III et  insuffisamment contrôlés par un traitement par un antagoniste des récepteurs de l'endothéline (ARE) associé à un inhibiteur de la phosphodiestérase de type 5 (iPDE-5).;NON;12/05/2016;19/09/2016;29/12/2018;OUI;NON;NON;OUI;"Dans les indications de l’autorisation de mise sur le marché de la spécialité UPTRAVI (selexipag) qui n’ont pas fait l’objet d’une autorisation temporaire d’utilisation de cohorte, la Haute Autorité de santé a identifié des alternatives thérapeutiques prises en charge par les régimes obligatoires de sécurité sociale. Ces alternatives sont mentionnées en annexe du l'avis n° 2016.0067/AC/SEM du 23 novembre 2016 du collège de la Haute Autorité de santé .Conformément à l'article L. 162-16-5-2 du code de la sécurité sociale, il n'y a donc pas de prise en charge dérogatoire pour ces indications dans le cadre du dispositif post-ATU (cf colonne ""observations"").";NON;;9416073;9416073;UPTRAVI 1000MCG CPR PELL;LE DISPOSITIF POST ATU EST ARRETE.;
;ACTELION;sélexipag;UPTRAVI®1 200 microgrammes, comprimé pelliculé+A105;ATUC;Traitement au long cours des patients adultes présentant une hypertension artérielle pulmonaire (HTAP) idiopathique ou héritable, associée à une connectivite ou à une cardiopathie congénitale simple corrigée, en classe fonctionnelle OMS III et  insuffisamment contrôlés par un traitement par un antagoniste des récepteurs de l'endothéline (ARE) associé à un inhibiteur de la phosphodiestérase de type 5 (iPDE-5).;NON;12/05/2016;19/09/2016;29/12/2018;OUI;NON;NON;OUI;"Dans les indications de l’autorisation de mise sur le marché de la spécialité UPTRAVI (selexipag) qui n’ont pas fait l’objet d’une autorisation temporaire d’utilisation de cohorte, la Haute Autorité de santé a identifié des alternatives thérapeutiques prises en charge par les régimes obligatoires de sécurité sociale. Ces alternatives sont mentionnées en annexe du l'avis n° 2016.0067/AC/SEM du 23 novembre 2016 du collège de la Haute Autorité de santé .Conformément à l'article L. 162-16-5-2 du code de la sécurité sociale, il n'y a donc pas de prise en charge dérogatoire pour ces indications dans le cadre du dispositif post-ATU (cf colonne ""observations"").";NON;;9416096;9416096;UPTRAVI 1200MCG CPR PELL;LE DISPOSITIF POST ATU EST ARRETE.;
;ACTELION;sélexipag;UPTRAVI® 1 400 microgrammes, comprimé pelliculé;ATUC;Traitement au long cours des patients adultes présentant une hypertension artérielle pulmonaire (HTAP) idiopathique ou héritable, associée à une connectivite ou à une cardiopathie congénitale simple corrigée, en classe fonctionnelle OMS III et  insuffisamment contrôlés par un traitement par un antagoniste des récepteurs de l'endothéline (ARE) associé à un inhibiteur de la phosphodiestérase de type 5 (iPDE-5).;NON;12/05/2016;19/09/2016;29/12/2018;OUI;NON;NON;OUI;"Dans les indications de l’autorisation de mise sur le marché de la spécialité UPTRAVI (selexipag) qui n’ont pas fait l’objet d’une autorisation temporaire d’utilisation de cohorte, la Haute Autorité de santé a identifié des alternatives thérapeutiques prises en charge par les régimes obligatoires de sécurité sociale. Ces alternatives sont mentionnées en annexe du l'avis n° 2016.0067/AC/SEM du 23 novembre 2016 du collège de la Haute Autorité de santé .Conformément à l'article L. 162-16-5-2 du code de la sécurité sociale, il n'y a donc pas de prise en charge dérogatoire pour ces indications dans le cadre du dispositif post-ATU (cf colonne ""observations"").";NON;;9416104;9416104;UPTRAVI 1400MCG CPR PELL;LE DISPOSITIF POST ATU EST ARRETE.;
;ACTELION;sélexipag;UPTRAVI® 1 600 microgrammes, comprimé pelliculé;ATUC;Traitement au long cours des patients adultes présentant une hypertension artérielle pulmonaire (HTAP) idiopathique ou héritable, associée à une connectivite ou à une cardiopathie congénitale simple corrigée, en classe fonctionnelle OMS III et  insuffisamment contrôlés par un traitement par un antagoniste des récepteurs de l'endothéline (ARE) associé à un inhibiteur de la phosphodiestérase de type 5 (iPDE-5).;NON;12/05/2016;19/09/2016;29/12/2018;OUI;NON;NON;OUI;"Dans les indications de l’autorisation de mise sur le marché de la spécialité UPTRAVI (selexipag) qui n’ont pas fait l’objet d’une autorisation temporaire d’utilisation de cohorte, la Haute Autorité de santé a identifié des alternatives thérapeutiques prises en charge par les régimes obligatoires de sécurité sociale. Ces alternatives sont mentionnées en annexe du l'avis n° 2016.0067/AC/SEM du 23 novembre 2016 du collège de la Haute Autorité de santé .Conformément à l'article L. 162-16-5-2 du code de la sécurité sociale, il n'y a donc pas de prise en charge dérogatoire pour ces indications dans le cadre du dispositif post-ATU (cf colonne ""observations"").";NON;;9416110;9416110;UPTRAVI 1600MCG CPR PELL;LE DISPOSITIF POST ATU EST ARRETE.;
;ABBVIE; vénétoclax;VENCLYXTO® 10 mg, comprimé pelliculé;ATUC;Vénétoclax AbbVie, utilisé dans le cadre de l’ATU de Cohorte, est indiqué pour le traitement des patients adultes atteints d’une leucémie lymphoïde chronique (LLC) :avec une délétion 17p ou une mutation TP53, en échec ou inéligibles à un traitement par au moins un inhibiteur du BCR,sans délétion 17p ou mutation TP53, après un traitement de référence et en échec ou inéligibles à un traitement par un inhibiteur du BCR.;NON;05/12/2016;15/02/2017;13/06/2018;OUI;NON;NON;OUI;L’indication proposée par le CHMP est identique à celle définie dans l’autorisation temporaire d’utilisation de cohorte des spécialités VENETOCLAX et VENCLYXTO.Par conséquent, cette indication n’entre pas dans le cadre du 2° du I de l’article L. 162-16-5-2 du code de la sécurité sociale qui concerne uniquement les indications mentionnées dans l’autorisation de mise sur le marché et n’ayant pas fait l’objet d’une autorisation temporaire d’utilisation. Il n’y a donc pas lieu d’identifier,pour ces spécialités, des alternatives thérapeutiques prises en charge par les régimes obligatoires de sécurité sociale (avis n° 2016.0068/AC/SEM du 23 novembre 2016 du collège de la Haute Autorité de Santé).;NON;;9419284;9422814;VENCLYXTO 10MG CPR;LE DISPOSITIF POST ATU EST ARRETE.;
;ABBVIE; vénétoclax;VENCLYXTO 50 mg, comprimé pelliculé;ATUC;Vénétoclax AbbVie, utilisé dans le cadre de l’ATU de Cohorte, est indiqué pour le traitement des patients adultes atteints d’une leucémie lymphoïde chronique (LLC) :avec une délétion 17p ou une mutation TP53, en échec ou inéligibles à un traitement par au moins un inhibiteur du BCR,sans délétion 17p ou mutation TP53, après un traitement de référence et en échec ou inéligibles à un traitement par un inhibiteur du BCR.;NON;05/12/2016;15/02/2017;13/06/2018;OUI;NON;NON;OUI;L’indication proposée par le CHMP est identique à celle définie dans l’autorisation temporaire d’utilisation de cohorte des spécialités VENETOCLAX et VENCLYXTO.Par conséquent, cette indication n’entre pas dans le cadre du 2° du I de l’article L. 162-16-5-2 du code de la sécurité sociale qui concerne uniquement les indications mentionnées dans l’autorisation de mise sur le marché et n’ayant pas fait l’objet d’une autorisation temporaire d’utilisation. Il n’y a donc pas lieu d’identifier,pour ces spécialités, des alternatives thérapeutiques prises en charge par les régimes obligatoires de sécurité sociale (avis n° 2016.0068/AC/SEM du 23 novembre 2016 du collège de la Haute Autorité de Santé).;NON;;9419290;9422820;VENCLYXTO 50MG CPR;LE DISPOSITIF POST ATU EST ARRETE.;
;ABBVIE; vénétoclax;VENCLYXTO® 100mg, comprimé pelliculé :;ATUC;Vénétoclax AbbVie, utilisé dans le cadre de l’ATU de Cohorte, est indiqué pour le traitement des patients adultes atteints d’une leucémie lymphoïde chronique (LLC) :avec une délétion 17p ou une mutation TP53, en échec ou inéligibles à un traitement par au moins un inhibiteur du BCR,sans délétion 17p ou mutation TP53, après un traitement de référence et en échec ou inéligibles à un traitement par un inhibiteur du BCR.;NON;05/12/2016;15/02/2017;13/06/2018;OUI;NON;NON;OUI;L’indication proposée par le CHMP est identique à celle définie dans l’autorisation temporaire d’utilisation de cohorte des spécialités VENETOCLAX et VENCLYXTO.Par conséquent, cette indication n’entre pas dans le cadre du 2° du I de l’article L. 162-16-5-2 du code de la sécurité sociale qui concerne uniquement les indications mentionnées dans l’autorisation de mise sur le marché et n’ayant pas fait l’objet d’une autorisation temporaire d’utilisation. Il n’y a donc pas lieu d’identifier,pour ces spécialités, des alternatives thérapeutiques prises en charge par les régimes obligatoires de sécurité sociale (avis n° 2016.0068/AC/SEM du 23 novembre 2016 du collège de la Haute Autorité de Santé).;NON;;9419278;9422808;VENCLYXTO 100MG CPR;LE DISPOSITIF POST ATU EST ARRETE.;
;SHIRE France;vonicog alfa;VEYVONDI®  650 UI poudre et solvant pour solution injectable;ATUC;VONVENDI est indiqué chez les adultes (âgés de 18 ans et plus) atteints de la maladie de von Willebrand (MvW), lorsque le traitement par la desmopressine (DDAVP) seule est inefficace ou contre-indiqué pour le traitement des hémorragies.VONVENDI ne doit pas être utilisé dans le traitement de l’hémophilie A ni dans la prévention et le traitement des saignements d’origine chirurgicale.;NON;31/08/2018;07/01/2019;29/12/2018;OUI;NON;NON;OUI;Les indications de la spécialité VEYVONDI (vonicog alfa), validées par le CHMP, qui n’ont pas fait l’objet d’uneautorisation temporaire d’utilisation sont les suivantes : « adultes (âgés de 18 ans et plus) atteints de la maladie de von Willebrand (MvW), lorsque le traitement par la desmopressine (DDAVP) seule est inefficace ou n'est pas indiqué pour :- le traitement des saignements d’origine chirurgicale- la prévention des saignements d’origine chirurgicale ».Dans cette indication, la Haute Autorité de santé a identifié des alternatives thérapeutiques prises en charge par les régimes obligatoires de sécurité sociale.Ces alternatives sont mentionnées en annexe de l'avisn° 2018.0048/AC/SEM du 7 novembre 2018 du collège de la Haute Autorité de santé.;NON;;9440901;9440321;VEYVONDI 650UI INJ FL+FL5ML;LE DISPOSITIF POST ATU EST ARRETE.;
;SHIRE France;vonicog alfa;VEYVONDI®  1300 UI poudre et solvant pour solution injectable;ATUC;VONVENDI est indiqué chez les adultes (âgés de 18 ans et plus) atteints de la maladie de von Willebrand (MvW), lorsque le traitement par la desmopressine (DDAVP) seule est inefficace ou contre-indiqué pour le traitement des hémorragies.VONVENDI ne doit pas être utilisé dans le traitement de l’hémophilie A ni dans la prévention et le traitement des saignements d’origine chirurgicale.;NON;07/01/2019;07/01/2019;29/12/2018;OUI;NON;NON;OUI;Les indications de la spécialité VEYVONDI (vonicog alfa), validées par le CHMP, qui n’ont pas fait l’objet d’uneautorisation temporaire d’utilisation sont les suivantes : « adultes (âgés de 18 ans et plus) atteints de la maladie de von Willebrand (MvW), lorsque le traitement par la desmopressine (DDAVP) seule est inefficace ou n'est pas indiqué pour :- le traitement des saignements d’origine chirurgicale- la prévention des saignements d’origine chirurgicale ».Dans cette indication, la Haute Autorité de santé a identifié des alternatives thérapeutiques prises en charge par les régimes obligatoires de sécurité sociale.Ces alternatives sont mentionnées en annexe de l'avisn° 2018.0048/AC/SEM du 7 novembre 2018 du collège de la Haute Autorité de santé.;NON;;9440893;9440315;VEYVONDI 1300UI INJ FL+FL10ML;LE DISPOSITIF POST ATU EST ARRETE.;
;GILEAD;sofosbuvir/velpatasvir/voxilaprévir;VOSEVI® 400 mg/100 mg/100 mg comprimés pelliculés;ATUn;Sans objet;NON;27/07/2017;01/09/2017;30/03/2018;OUI;NON;NON;NON;Sans objet;NON;9425008;;9430653;VOSEVI 400MG/100MG/100MG CP;LE DISPOSITIF POST ATU EST ARRETE.;
;ABBVIE;ombitasvir, paritaprévir,ritonavir;VIEKIRAX® 12,5 mg/75 mg/50 mg, comprimé pelliculé;ATUC;- Ombitasvir/paritaprévir/ritonavir AbbVie en association avec dasabuvir avec ou sans ribavirine, utilisé dans le cadre de l'ATU de cohorte, est indiqué dans le traitement de l'hépatite C chronique due au VHC de génotype 1 chez des patients adultes présentant une maladie à un stade avancé (avec fibrose hépatique F3 ou cirrhose compensée ou présentant des manifestations extra-hépatiques du VHC). '-Ombitasvir/paritaprévir/ritonavir AbbVie avec ribavirine, utilisé dans le cadre de l'ATU de cohorte, est indiqué dans le traitement de l'hépatite C chronique due au VHC de génotype 4 chez des patients adultes présentant une maladie à un stade avancé (avec fibrose hépatique F3 ou cirrhose compensée ou présentant des manifestations extra-hépatiques du VHC).;NON;15/01/2015;15/03/2015;29/08/2015;OUI;NON;NON;OUI;Les indications de l’autorisation de mise sur le marché de la spécialité VIEKIRAX qui n’ont pas fait l’objet d’une autorisation temporaire d’utilisation de cohorte concernent les patients avec une hépatite C chronique (HCC) due au virus de génotype 1 ou 4, avec une maladie à un stade moins avancé (avec fibrose hépatique ≤ F2 et ne présentant pas des manifestations extra-hépatiques du VHC). Pour l'ensemble de ces patients, la HAS a identifié des thérapeutiques prises en charge par les régimes obligatoires de sécurité sociale. Ces alternatives sont mentionnées en annexe de l'avis N° 2015.0018/AC/SEM du 18 février 2015 du collège de la Haute Autoritéde Santé.;NON;;9405537;9405750;VIEKIRAX 12,5/75/50MG CPR;LE DISPOSITIF POST ATU EST ARRETE.;
;BIOMARIN EUROPE LTD; élosulfase alfa;VIMIZIM® 1 mg/ml, solution à diluer pour perfusion;ATUC;Vimizim est indiqué pour le traitement de la mucopolysaccharidose de type IV A (syndrome de Morquio A, MPS IV A);NON;28/04/2014;07/07/2014;03/03/2016;OUI;NON;NON;OUI;L’indication de l’autorisation de mise sur le marché de la spécialité VIMIZIM, est identique à celle définie dans l’autorisation temporaire d’utilisation de cohorte.Par conséquent, cette indication n’entre pas dans le cadre du 2° du I de l’article L. 162-16-5-2 du code de la sécurité sociale qui concerne uniquement les indications mentionnées dans l’autorisation de mise sur le marché qui n’ont pas fait l’objet d’une autorisation temporaire d’utilisation.Il n’y a donc pas lieu d’identifier, pour cette spécialité, des alternatives thérapeutiques prises en charge parles régimes obligatoires de sécurité sociale (voir avis N° 2014.0020/AC/SEM du 2 avril 2014 du collège de la HAS);OUI;;9396011;9396011;VIMIZIM 1MG/ML PERF FL5ML;LE DISPOSITIF POST ATU EST ARRETE.;
;PFIZER;tofacitinib;XELJANZ® 5 mg, comprimé;ATUn;"Sans objet ; ATU nominatives";NON;22/03/2017;17/07/2017;26/09/2018;OUI;NON;;NON;SO: ATUn;NON;;9388046;;9420494;LE DISPOSITIF POST ATU EST ARRETE.;
;BAYER SANTE;diclorure de radium (Ra-223);XOFIGO® 1000 kBq/ml, solution injectable;ATUn;Les ATU nominatives ont été délivrées pour des patients présentant un cancer de la prostate hormonorésistant avec métastases osseuses sans alternative thérapeutique;NON;13/11/2013;29/01/2014;15/10/2014;OUI;NON;NON;NON;L'avis de la HAS n'est pas disponible, Dans l'attente de cet avis,  les seules initiations de traitements autorisées pour la prise en charge le sont dans les indications de l'AMM ayant fait l'objet d'ATU nominatives.;OUI;;9397105(XOFIGO 50KBQ SOL INJ FL6ML)ATUn;9397542;XOFIGO 1000KBQ/ML INJ;LE DISPOSITIF POST ATU EST ARRETE.;
;ASTRAZENECA;ceftazidime avibactam;ZAVICEFTA® 2 g/0,5 g, poudre pour solution à diluer pour perfusion;ATUn;"Sans objet ; ATU nominatives";NON;24/06/2016;16/01/2017;03/02/2017;OUI;NON;NON;NON;"Sans objet ; ATU nominatives";NON;;9416788;9418735;ZAVICEFTA 2G/0,5G PERF FL;LE DISPOSITIF POST ATU EST ARRETE.;
;NOVARTIS;céritinib;ZYKADIA 150 mg, gélule ;ATUC;Céritinib est indiqué dans le traitement du cancer bronchique non à petites cellules (CBNPC) localement avancé ou métastatique chez des patients pré-traités par crizotinib présentant un réarrangement du gène ALK (ALK positif), ne pouvant être inclus dans un essai clinique en cours avec le céritinib et pour lesquels il n’existe pas d’alternative thérapeutique appropriée.L’ATU repose sur les résultats d’une seule étude et sur le taux de réponse tumorale et la durée de réponse. Une amélioration de la survie n’est pas établie à ce stade, des essais cliniques sont encore en cours. La recherche de la translocation ALK doit être effectuée par une plateforme hospitalière de génétique moléculaire du cancer validé par l’Inca pour sélectionner les patients pouvant être traités par céritinib.;NON; 06/05/2015;05/08/2015;23/11/2016;OUI;NON;NON;OUI;L’indication de l’autorisation de mise sur le marché de la spécialité ZYKADIA, mentionnée en annexe de l'avis N° 2015.0031/AC/SEM du 25 mars 2015 du collège de la Haute Autorité de Santé, est identique à celle définie dans l’autorisation temporaire d’utilisation de cohorte.;NON;;9399848 (LDK 378 150MG GELU) ATUn9403946(CERITINIB NPH 150MG GELU)ATU cohorte;9410834;ZYKADIA 150MG GELU;LE DISPOSITIF POST ATU EST ARRETE.;
